{
  "case_id": "arvo-36463",
  "target": "mupdf",
  "original_size": 805948,
  "original_size_bytes": 805948,
  "ddmin_size": 13628,
  "ddmin_size_bytes": 13628,
  "ddmin_ratio": 0.016909279506866447,
  "ddmin_compression_ratio": 0.9830907204931335,
  "ddmin_time_seconds": 215.07493138313293,
  "reducefix_size": 8896,
  "reducefix_size_bytes": 8896,
  "reducefix_ratio": 0.011037932968380093,
  "reducefix_compression_ratio": 0.9889620670316199,
  "reducefix_time_seconds": 302.2663757801056,
  "generated_size": 805948,
  "generated_size_bytes": 805948,
  "generated_ratio": 1.0,
  "generated_compression_ratio": 0.0,
  "generated_time_seconds": 5.340903043746948,
  "generated_status": "not_interesting",
  "reducefix_improvement_over_ddmin": 0.3472262987965952,
  "generated_improvement_over_ddmin": -58.139125330202525,
  "generated_improvement_over_reducefix": -89.5966726618705
}