{
  "case_id": "arvo-36500",
  "target": "mupdf",
  "original_size": 142604,
  "original_size_bytes": 142604,
  "ddmin_size": 5376,
  "ddmin_size_bytes": 5376,
  "ddmin_ratio": 0.03769880227763597,
  "ddmin_compression_ratio": 0.962301197722364,
  "ddmin_time_seconds": 66.8030788898468,
  "reducefix_size": 3928,
  "reducefix_size_bytes": 3928,
  "reducefix_ratio": 0.027544809402260804,
  "reducefix_compression_ratio": 0.9724551905977392,
  "reducefix_time_seconds": 205.28576683998108,
  "generated_size": 142604,
  "generated_size_bytes": 142604,
  "generated_ratio": 1.0,
  "generated_compression_ratio": 0.0,
  "generated_time_seconds": 8.309596538543701,
  "generated_status": "not_interesting",
  "reducefix_improvement_over_ddmin": 0.2693452380952381,
  "generated_improvement_over_ddmin": -25.526041666666668,
  "generated_improvement_over_reducefix": -35.30448065173116
}