{
  "case_id": "arvo-23547",
  "target": "php-src",
  "original_size": 27856,
  "original_size_bytes": 27856,
  "ddmin_size": 208,
  "ddmin_size_bytes": 208,
  "ddmin_ratio": 0.007466973004020678,
  "ddmin_compression_ratio": 0.9925330269959793,
  "ddmin_time_seconds": 25341.96516442299,
  "reducefix_size": 217,
  "reducefix_size_bytes": 217,
  "reducefix_ratio": 0.007790063182079265,
  "reducefix_compression_ratio": 0.9922099368179207,
  "reducefix_time_seconds": 74.66175889968872,
  "generated_size": 27856,
  "generated_size_bytes": 27856,
  "generated_ratio": 1.0,
  "generated_compression_ratio": 0.0,
  "generated_time_seconds": 13.903700590133667,
  "generated_status": "decode_error",
  "reducefix_improvement_over_ddmin": -0.04326923076923077,
  "generated_improvement_over_ddmin": -132.92307692307693,
  "generated_improvement_over_reducefix": -127.36866359447005
}