{
  "case_id": "arvo-36463",
  "target": "mupdf",
  "original_size": 805948,
  "original_size_bytes": 805948,
  "ddmin_size": 13628,
  "ddmin_size_bytes": 13628,
  "ddmin_ratio": 0.016909279506866447,
  "ddmin_compression_ratio": 0.9830907204931335,
  "ddmin_time_seconds": 208.06039023399353,
  "reducefix_size": 8598,
  "reducefix_size_bytes": 8598,
  "reducefix_ratio": 0.010668182066336787,
  "reducefix_compression_ratio": 0.9893318179336632,
  "reducefix_time_seconds": 291.58786511421204,
  "generated_size": 805948,
  "generated_size_bytes": 805948,
  "generated_ratio": 1.0,
  "generated_compression_ratio": 0.0,
  "generated_time_seconds": 11.482036828994751,
  "generated_status": "decode_error",
  "reducefix_improvement_over_ddmin": 0.3690930437334899,
  "generated_improvement_over_ddmin": -58.139125330202525,
  "generated_improvement_over_reducefix": -92.73668294952314
}