{
  "case_id": "arvo-46541",
  "target": "mupdf",
  "original_size": 91133,
  "original_size_bytes": 91133,
  "ddmin_size": 43008,
  "ddmin_size_bytes": 43008,
  "ddmin_ratio": 0.47192564713111607,
  "ddmin_compression_ratio": 0.5280743528688839,
  "ddmin_time_seconds": 381.73961901664734,
  "reducefix_size": 50191,
  "reducefix_size_bytes": 50191,
  "reducefix_ratio": 0.5507445162564604,
  "reducefix_compression_ratio": 0.44925548374353963,
  "reducefix_time_seconds": 221.806467294693,
  "generated_size": 91133,
  "generated_size_bytes": 91133,
  "generated_ratio": 1.0,
  "generated_compression_ratio": 0.0,
  "generated_time_seconds": 11.727845191955566,
  "generated_status": "not_interesting",
  "reducefix_improvement_over_ddmin": -0.16701543898809523,
  "generated_improvement_over_ddmin": -1.1189778645833333,
  "generated_improvement_over_reducefix": -0.8157239345699429
}