{
  "model_tag": "reducefix_qwen",
  "case_count": 1,
  "avg_ddmin_compression_ratio": 0.8561872909698997,
  "avg_reducefix_compression_ratio": 0.9703557312252964,
  "avg_generated_compression_ratio": 0.0,
  "avg_ddmin_time_seconds": 5.985737562179565,
  "avg_reducefix_time_seconds": 107.78833866119385,
  "avg_generated_time_seconds": 6.898604869842529,
  "cases": [
    {
      "case_id": "arvo-51180",
      "original_size": 6578,
      "ddmin_compression_ratio": 0.8561872909698997,
      "reducefix_compression_ratio": 0.9703557312252964,
      "generated_compression_ratio": 0.0,
      "ddmin_time_seconds": 5.985737562179565,
      "reducefix_time_seconds": 107.78833866119385,
      "generated_time_seconds": 6.898604869842529
    }
  ]
}