{
  "case_id": "arvo-55076",
  "target": "mupdf",
  "original_size": 70739,
  "original_size_bytes": 70739,
  "ddmin_size": 3584,
  "ddmin_size_bytes": 3584,
  "ddmin_ratio": 0.05066512107889566,
  "ddmin_compression_ratio": 0.9493348789211044,
  "ddmin_time_seconds": 34.810870885849,
  "reducefix_size": 2240,
  "reducefix_size_bytes": 2240,
  "reducefix_ratio": 0.03166570067430979,
  "reducefix_compression_ratio": 0.9683342993256903,
  "reducefix_time_seconds": 127.65930604934692,
  "generated_size": 70739,
  "generated_size_bytes": 70739,
  "generated_ratio": 1.0,
  "generated_compression_ratio": 0.0,
  "generated_time_seconds": 21.29949140548706,
  "generated_status": "decode_error",
  "reducefix_improvement_over_ddmin": 0.375,
  "generated_improvement_over_ddmin": -18.737444196428573,
  "generated_improvement_over_reducefix": -30.579910714285713
}