task,submission,model,origin_source_bytes,orig_tc_shown_bytes,orig_tc_shown_fraction,orig_tc_shown_form,origin_truncated,reduced_source_bytes,reduced_tc_shown_bytes,reduced_tc_shown_fraction,reduced_tc_shown_form,reduced_truncated,no_tc_correct,orig_tc_correct,reduced_tc_correct,delta_reduced_origin,delta_reduced_no_test,orig_tc_prompt_contains_input,orig_tc_prompt_contains_expected,orig_tc_prompt_contains_actual,reduced_tc_prompt_contains_input,reduced_tc_prompt_contains_expected,reduced_tc_prompt_contains_actual
abc361c,67213592,Qwen2.5-Coder-7B-Instruct,6904,6904,1.0,full,False,6903,6903,1.0,full,False,0,1,0,-0.1,0.0,True,True,True,True,True,True
abc361c,67186860,Qwen2.5-Coder-7B-Instruct,6904,6904,1.0,full,False,6903,6903,1.0,full,False,0,0,0,0.0,0.0,True,True,True,True,True,True
abc361c,67182020,Qwen2.5-Coder-7B-Instruct,6904,6904,1.0,full,False,6903,6903,1.0,full,False,1,2,2,0.0,0.1,True,True,True,True,True,True
abc361c,67107765,Qwen2.5-Coder-7B-Instruct,6904,6904,1.0,full,False,6903,6903,1.0,full,False,2,0,0,0.0,-0.2,True,True,True,True,True,True
abc361c,67095560,Qwen2.5-Coder-7B-Instruct,6904,6904,1.0,full,False,6903,6903,1.0,full,False,1,0,1,0.1,0.0,True,True,True,True,True,True
abc361c,67095547,Qwen2.5-Coder-7B-Instruct,6904,6904,1.0,full,False,6903,6903,1.0,full,False,0,0,0,0.0,0.0,True,True,True,True,True,True
abc361c,67030359,Qwen2.5-Coder-7B-Instruct,6904,6904,1.0,full,False,6903,6903,1.0,full,False,0,1,1,0.0,0.1,True,True,True,True,True,True
abc361c,67026479,Qwen2.5-Coder-7B-Instruct,6904,6904,1.0,full,False,23,23,1.0,full,False,1,0,6,0.6,0.5,True,True,True,True,True,True
abc361c,66894391,Qwen2.5-Coder-7B-Instruct,6904,6904,1.0,full,False,6903,6903,1.0,full,False,0,0,0,0.0,0.0,True,True,True,True,True,True
abc361c,66704499,Qwen2.5-Coder-7B-Instruct,6904,6904,1.0,full,False,6903,6903,1.0,full,False,0,0,0,0.0,0.0,True,True,True,True,True,True
abc362d,67088863,Qwen2.5-Coder-7B-Instruct,678706,20480,0.03017506843905903,prefix_20480,True,24,24,1.0,full,False,3,4,6,0.2,0.3,True,True,True,True,True,True
abc362d,67055151,Qwen2.5-Coder-7B-Instruct,3038015,20480,0.006741243871409457,prefix_20480,True,76,76,1.0,full,False,0,0,1,0.1,0.1,True,True,True,True,True,True
abc362d,66901805,Qwen2.5-Coder-7B-Instruct,3038015,20480,0.006741243871409457,prefix_20480,True,22,22,1.0,full,False,2,0,4,0.4,0.2,True,True,True,True,True,True
abc362d,66901765,Qwen2.5-Coder-7B-Instruct,3038015,20480,0.006741243871409457,prefix_20480,True,23,23,1.0,full,False,8,3,4,0.1,-0.4,True,True,True,True,True,True
abc362d,66824420,Qwen2.5-Coder-7B-Instruct,26198,20480,0.7817390640506909,prefix_20480,True,24,24,1.0,full,False,10,4,9,0.5,-0.1,True,True,True,True,True,True
abc362d,66485839,Qwen2.5-Coder-7B-Instruct,678706,20480,0.03017506843905903,prefix_20480,True,24,24,1.0,full,False,0,1,2,0.1,0.2,True,True,True,True,True,True
abc362d,66485778,Qwen2.5-Coder-7B-Instruct,678706,20480,0.03017506843905903,prefix_20480,True,24,24,1.0,full,False,1,0,3,0.3,0.2,True,True,True,True,True,True
abc362d,66485717,Qwen2.5-Coder-7B-Instruct,26198,20480,0.7817390640506909,prefix_20480,True,24,24,1.0,full,False,1,3,0,-0.3,-0.1,True,True,True,True,True,True
abc362d,66246685,Qwen2.5-Coder-7B-Instruct,3038015,20480,0.006741243871409457,prefix_20480,True,75,75,1.0,full,False,1,0,0,0.0,-0.1,True,True,True,True,True,True
abc362d,65947516,Qwen2.5-Coder-7B-Instruct,678706,20480,0.03017506843905903,prefix_20480,True,24,24,1.0,full,False,4,0,2,0.2,-0.2,True,True,True,True,True,True
abc363e,67112937,Qwen2.5-Coder-7B-Instruct,5885,5885,1.0,full,False,17,17,1.0,full,False,0,0,0,0.0,0.0,True,True,True,True,False,False
abc363e,67112907,Qwen2.5-Coder-7B-Instruct,5885,5885,1.0,full,False,17,17,1.0,full,False,0,0,0,0.0,0.0,True,True,True,True,False,False
abc363e,67012798,Qwen2.5-Coder-7B-Instruct,6446038,20480,0.003177145403114285,prefix_20480,True,18,18,1.0,full,False,0,0,0,0.0,0.0,True,True,True,True,False,False
abc363e,66903504,Qwen2.5-Coder-7B-Instruct,5853455,20480,0.0034987883224522954,prefix_20480,True,16,16,1.0,full,False,0,1,2,0.1,0.2,True,True,True,True,False,False
abc363e,66903440,Qwen2.5-Coder-7B-Instruct,5853455,20480,0.0034987883224522954,prefix_20480,True,16,16,1.0,full,False,0,2,4,0.2,0.4,True,True,True,True,False,False
abc363e,66879782,Qwen2.5-Coder-7B-Instruct,5833173,40960,0.007021907287851741,prefix_40960,True,5833173,40960,0.007021907287851741,prefix_40960,True,0,0,0,0.0,0.0,True,False,False,True,False,False
abc363e,66867492,Qwen2.5-Coder-7B-Instruct,5885,5885,1.0,full,False,17,17,1.0,full,False,0,0,0,0.0,0.0,True,True,True,True,False,False
abc363e,66698060,Qwen2.5-Coder-7B-Instruct,5885,5885,1.0,full,False,17,17,1.0,full,False,0,0,0,0.0,0.0,True,True,True,True,False,False
abc363e,66451108,Qwen2.5-Coder-7B-Instruct,5885,5885,1.0,full,False,17,17,1.0,full,False,0,0,0,0.0,0.0,True,True,True,True,False,False
abc363e,66451062,Qwen2.5-Coder-7B-Instruct,5885,5885,1.0,full,False,17,17,1.0,full,False,0,0,0,0.0,0.0,True,True,True,True,False,False
abc364d,67175419,Qwen2.5-Coder-7B-Instruct,682693,20480,0.02999884281807489,prefix_20480,True,224017,10254,0.045775543820335066,not_source_prefix,True,1,0,0,0.0,-0.1,True,True,True,True,True,True
abc364d,66949397,Qwen2.5-Coder-7B-Instruct,682693,20480,0.02999884281807489,prefix_20480,True,29,29,1.0,full,False,2,0,0,0.0,-0.2,True,True,True,True,True,True
abc364d,66687736,Qwen2.5-Coder-7B-Instruct,682693,20480,0.02999884281807489,prefix_20480,True,29,29,1.0,full,False,0,0,0,0.0,0.0,True,True,True,True,True,True
abc364d,66684832,Qwen2.5-Coder-7B-Instruct,682693,20480,0.02999884281807489,prefix_20480,True,29,29,1.0,full,False,0,0,3,0.3,0.3,True,True,True,True,True,True
abc364d,66684578,Qwen2.5-Coder-7B-Instruct,682693,20480,0.02999884281807489,prefix_20480,True,29,29,1.0,full,False,0,0,0,0.0,0.0,True,True,True,True,True,True
abc364d,65154558,Qwen2.5-Coder-7B-Instruct,2688994,20480,0.007616231200218372,prefix_20480,True,29,29,1.0,full,False,0,0,0,0.0,0.0,True,True,True,True,True,True
abc364d,65154456,Qwen2.5-Coder-7B-Instruct,2688994,20480,0.007616231200218372,prefix_20480,True,29,29,1.0,full,False,0,0,0,0.0,0.0,True,True,True,True,True,True
abc364d,65154395,Qwen2.5-Coder-7B-Instruct,2688994,20480,0.007616231200218372,prefix_20480,True,29,29,1.0,full,False,0,0,0,0.0,0.0,True,True,True,True,True,True
abc364d,65154375,Qwen2.5-Coder-7B-Instruct,2688994,20480,0.007616231200218372,prefix_20480,True,29,29,1.0,full,False,0,0,0,0.0,0.0,True,True,True,True,True,True
abc364d,65154236,Qwen2.5-Coder-7B-Instruct,2688994,20480,0.007616231200218372,prefix_20480,True,29,29,1.0,full,False,0,0,1,0.1,0.1,True,True,True,True,True,True
abc365d,67035548,Qwen2.5-Coder-7B-Instruct,200008,20480,0.10239590416383344,prefix_20480,True,7,7,1.0,full,False,0,0,0,0.0,0.0,True,True,True,True,True,True
abc365d,67113943,Qwen2.5-Coder-7B-Instruct,200008,20480,0.10239590416383344,prefix_20480,True,6,6,1.0,full,False,0,0,0,0.0,0.0,True,True,True,True,True,True
abc365d,67113921,Qwen2.5-Coder-7B-Instruct,200008,20480,0.10239590416383344,prefix_20480,True,6,6,1.0,full,False,0,0,0,0.0,0.0,True,True,True,True,True,True
abc365d,67228375,Qwen2.5-Coder-7B-Instruct,200008,20480,0.10239590416383344,prefix_20480,True,8,8,1.0,full,False,0,0,0,0.0,0.0,True,True,True,True,True,True
abc365d,67225698,Qwen2.5-Coder-7B-Instruct,200008,20480,0.10239590416383344,prefix_20480,True,4,4,1.0,full,False,0,0,0,0.0,0.0,True,False,False,True,False,False
abc365d,66992050,Qwen2.5-Coder-7B-Instruct,200008,20480,0.10239590416383344,prefix_20480,True,6,6,1.0,full,False,0,0,0,0.0,0.0,True,True,True,True,True,True
abc365d,66993696,Qwen2.5-Coder-7B-Instruct,200008,20480,0.10239590416383344,prefix_20480,True,6,6,1.0,full,False,0,0,0,0.0,0.0,True,True,True,True,True,True
abc365d,67035523,Qwen2.5-Coder-7B-Instruct,200008,20480,0.10239590416383344,prefix_20480,True,6,6,1.0,full,False,0,0,0,0.0,0.0,True,True,True,True,True,True
abc365d,67228302,Qwen2.5-Coder-7B-Instruct,200008,20480,0.10239590416383344,prefix_20480,True,6,6,1.0,full,False,0,0,0,0.0,0.0,True,True,True,True,True,True
abc365d,67283559,Qwen2.5-Coder-7B-Instruct,200008,40960,0.20479180832766689,prefix_40960,True,8,8,1.0,full,False,0,0,0,0.0,0.0,True,True,True,True,True,True
abc366c,67028599,Qwen2.5-Coder-7B-Instruct,1088924,40960,0.03761511363511136,prefix_40960,True,31,31,1.0,full,False,0,0,0,0.0,0.0,True,True,True,True,True,True
abc366c,66889857,Qwen2.5-Coder-7B-Instruct,1088924,40960,0.03761511363511136,prefix_40960,True,31,31,1.0,full,False,4,1,4,0.3,0.0,True,True,True,True,True,True
abc366c,66889844,Qwen2.5-Coder-7B-Instruct,1088924,40960,0.03761511363511136,prefix_40960,True,31,31,1.0,full,False,4,2,0,-0.2,-0.4,True,True,True,True,True,True
abc366c,66875780,Qwen2.5-Coder-7B-Instruct,1088924,20480,0.01880755681755568,prefix_20480,True,31,31,1.0,full,False,0,0,0,0.0,0.0,True,True,True,True,True,True
abc366c,66808962,Qwen2.5-Coder-7B-Instruct,1088924,20480,0.01880755681755568,prefix_20480,True,22,22,1.0,full,False,0,0,0,0.0,0.0,True,True,True,True,True,True
abc366c,66658547,Qwen2.5-Coder-7B-Instruct,1088924,40960,0.03761511363511136,prefix_40960,True,31,31,1.0,full,False,0,0,0,0.0,0.0,True,True,True,True,True,True
abc366c,66290391,Qwen2.5-Coder-7B-Instruct,1088924,40960,0.03761511363511136,prefix_40960,True,31,31,1.0,full,False,0,1,0,-0.1,0.0,True,True,True,True,True,True
abc366c,66053042,Qwen2.5-Coder-7B-Instruct,1088924,40960,0.03761511363511136,prefix_40960,True,22,22,1.0,full,False,0,1,1,0.0,0.1,True,True,True,True,True,True
abc366c,65549527,Qwen2.5-Coder-7B-Instruct,1088924,20480,0.01880755681755568,prefix_20480,True,4,4,1.0,full,False,0,0,0,0.0,0.0,True,True,True,True,True,True
abc366c,65541312,Qwen2.5-Coder-7B-Instruct,1088924,20480,0.01880755681755568,prefix_20480,True,4,4,1.0,full,False,0,0,0,0.0,0.0,True,True,True,True,True,True
abc367d,67202273,Qwen2.5-Coder-7B-Instruct,2199915,20480,0.009309450592409252,prefix_20480,True,2199910,20480,0.009309471751117092,prefix_20480,True,0,0,0,0.0,0.0,True,True,True,True,True,True
abc367d,67193151,Qwen2.5-Coder-7B-Instruct,166156,20480,0.12325766147475867,prefix_20480,True,11,20480,1861.8181818181818,not_source_prefix,True,0,0,0,0.0,0.0,True,True,True,True,True,True
abc367d,66154485,Qwen2.5-Coder-7B-Instruct,166156,20480,0.12325766147475867,prefix_20480,True,11,20480,1861.8181818181818,not_source_prefix,True,0,0,0,0.0,0.0,True,True,True,True,True,True
abc367d,67193160,Qwen2.5-Coder-7B-Instruct,166156,20480,0.12325766147475867,prefix_20480,True,11,20480,1861.8181818181818,not_source_prefix,True,0,0,0,0.0,0.0,True,True,True,True,True,True
abc367d,65761143,Qwen2.5-Coder-7B-Instruct,166156,20480,0.12325766147475867,prefix_20480,True,11,11,1.0,full,False,0,0,0,0.0,0.0,True,True,True,True,True,True
abc367d,63618307,Qwen2.5-Coder-7B-Instruct,166156,40960,0.24651532294951733,prefix_40960,True,166154,40960,0.24651829026084235,prefix_40960,True,0,0,1,0.1,0.1,True,True,True,True,True,True
abc367d,66250755,Qwen2.5-Coder-7B-Instruct,399999,40960,0.10240025600064,prefix_40960,True,11,11,1.0,full,False,0,0,0,0.0,0.0,True,True,True,True,True,True
abc367d,63618182,Qwen2.5-Coder-7B-Instruct,166156,40960,0.24651532294951733,prefix_40960,True,11,11,1.0,full,False,0,1,0,-0.1,0.0,True,True,True,True,True,True
abc367d,63090199,Qwen2.5-Coder-7B-Instruct,166156,40960,0.24651532294951733,prefix_40960,True,11,11,1.0,full,False,0,0,0,0.0,0.0,True,True,True,True,True,True
abc367d,63618273,Qwen2.5-Coder-7B-Instruct,166156,40960,0.24651532294951733,prefix_40960,True,11,11,1.0,full,False,0,0,0,0.0,0.0,True,True,True,True,True,True
abc368c,67191225,Qwen2.5-Coder-7B-Instruct,1978074,20480,0.010353505480583638,prefix_20480,True,22,22,1.0,full,False,0,0,0,0.0,0.0,True,True,True,True,True,True
abc368c,67188516,Qwen2.5-Coder-7B-Instruct,1978074,20480,0.010353505480583638,prefix_20480,True,22,22,1.0,full,False,0,0,0,0.0,0.0,True,True,True,True,True,True
abc368c,67112272,Qwen2.5-Coder-7B-Instruct,1978074,20480,0.010353505480583638,prefix_20480,True,22,22,1.0,full,False,0,0,0,0.0,0.0,True,True,True,True,True,True
abc368c,67109122,Qwen2.5-Coder-7B-Instruct,1978074,20480,0.010353505480583638,prefix_20480,True,12,12,1.0,full,False,0,0,0,0.0,0.0,True,True,True,True,True,True
abc368c,67109097,Qwen2.5-Coder-7B-Instruct,1978074,20480,0.010353505480583638,prefix_20480,True,12,12,1.0,full,False,0,0,0,0.0,0.0,True,True,True,True,True,True
abc368c,67108987,Qwen2.5-Coder-7B-Instruct,1978074,20480,0.010353505480583638,prefix_20480,True,22,22,1.0,full,False,0,0,0,0.0,0.0,True,True,True,True,True,True
abc368c,67014332,Qwen2.5-Coder-7B-Instruct,1978074,20480,0.010353505480583638,prefix_20480,True,21,21,1.0,full,False,0,0,0,0.0,0.0,True,True,True,True,True,True
abc368c,66662246,Qwen2.5-Coder-7B-Instruct,1978074,20480,0.010353505480583638,prefix_20480,True,12,12,1.0,full,False,0,0,1,0.1,0.1,True,True,True,True,True,True
abc368c,66662226,Qwen2.5-Coder-7B-Instruct,1978074,20480,0.010353505480583638,prefix_20480,True,12,12,1.0,full,False,0,0,0,0.0,0.0,True,True,True,True,True,True
abc368c,66495377,Qwen2.5-Coder-7B-Instruct,1978074,20480,0.010353505480583638,prefix_20480,True,12,12,1.0,full,False,0,0,0,0.0,0.0,True,True,True,True,True,True
abc369d,66452865,Qwen2.5-Coder-7B-Instruct,1300007,20480,0.01575376132590055,prefix_20480,True,26,26,1.0,full,False,0,0,0,0.0,0.0,True,True,True,True,True,True
abc369d,66698094,Qwen2.5-Coder-7B-Instruct,1300007,20480,0.01575376132590055,prefix_20480,True,26,26,1.0,full,False,0,0,0,0.0,0.0,True,True,True,True,True,True
abc369d,66381795,Qwen2.5-Coder-7B-Instruct,1600013,20480,0.012799896000844992,prefix_20480,True,37,37,1.0,full,False,0,0,0,0.0,0.0,True,True,True,True,True,True
abc369d,66601916,Qwen2.5-Coder-7B-Instruct,1300007,20480,0.01575376132590055,prefix_20480,True,13,13,1.0,full,False,4,7,10,0.3,0.6,True,True,True,True,True,True
abc369d,66602018,Qwen2.5-Coder-7B-Instruct,1300007,20480,0.01575376132590055,prefix_20480,True,13,13,1.0,full,False,4,6,9,0.3,0.5,True,True,True,True,True,True
abc369d,67111720,Qwen2.5-Coder-7B-Instruct,1300007,20480,0.01575376132590055,prefix_20480,True,13,13,1.0,full,False,0,0,0,0.0,0.0,True,True,True,True,True,True
abc369d,66290467,Qwen2.5-Coder-7B-Instruct,1300007,40960,0.0315075226518011,prefix_40960,True,19,19,1.0,full,False,0,0,0,0.0,0.0,True,True,True,True,True,True
abc369d,66291076,Qwen2.5-Coder-7B-Instruct,1300007,40960,0.0315075226518011,prefix_40960,True,37,37,1.0,full,False,0,0,0,0.0,0.0,True,True,True,True,True,True
abc369d,67240077,Qwen2.5-Coder-7B-Instruct,1600013,40960,0.025599792001689985,prefix_40960,True,37,37,1.0,full,False,0,0,0,0.0,0.0,True,True,True,True,True,True
abc369d,67265264,Qwen2.5-Coder-7B-Instruct,1300007,40960,0.0315075226518011,prefix_40960,True,13,13,1.0,full,False,0,0,0,0.0,0.0,True,True,True,True,True,True
abc370d,67044691,Qwen2.5-Coder-7B-Instruct,1567915,20480,0.013061932566497547,prefix_20480,True,14,14,1.0,full,False,1,0,1,0.1,0.0,True,True,True,True,True,True
abc370d,66200722,Qwen2.5-Coder-7B-Instruct,1567915,20480,0.013061932566497547,prefix_20480,True,26,26,1.0,full,False,0,0,0,0.0,0.0,True,True,True,True,True,True
abc370d,65578854,Qwen2.5-Coder-7B-Instruct,1567915,20480,0.013061932566497547,prefix_20480,True,14,14,1.0,full,False,0,0,1,0.1,0.1,True,True,True,True,True,True
abc370d,65527153,Qwen2.5-Coder-7B-Instruct,1567915,20480,0.013061932566497547,prefix_20480,True,14,14,1.0,full,False,0,1,1,0.0,0.1,True,True,True,True,True,True
abc370d,65496614,Qwen2.5-Coder-7B-Instruct,1567915,20480,0.013061932566497547,prefix_20480,True,10,10,1.0,full,False,0,0,0,0.0,0.0,True,False,False,True,True,True
abc370d,65350419,Qwen2.5-Coder-7B-Instruct,1567915,40960,0.026123865132995094,prefix_40960,True,1567915,40960,0.026123865132995094,prefix_40960,True,0,4,2,-0.2,0.2,True,True,True,True,True,True
abc370d,65350386,Qwen2.5-Coder-7B-Instruct,1567915,40960,0.026123865132995094,prefix_40960,True,1567915,40960,0.026123865132995094,prefix_40960,True,1,1,1,0.0,0.0,True,True,True,True,True,True
abc370d,65350266,Qwen2.5-Coder-7B-Instruct,1567915,20480,0.013061932566497547,prefix_20480,True,14,14,1.0,full,False,0,1,1,0.0,0.1,True,True,True,True,True,True
abc370d,67283761,Qwen2.5-Coder-7B-Instruct,1567915,40960,0.026123865132995094,prefix_40960,True,22,22,1.0,full,False,0,1,2,0.1,0.2,True,True,True,True,True,True
abc370d,65350192,Qwen2.5-Coder-7B-Instruct,1567915,40960,0.026123865132995094,prefix_40960,True,14,14,1.0,full,False,0,0,3,0.3,0.3,True,True,True,True,True,True
abc371d,66997913,Qwen2.5-Coder-7B-Instruct,8211979,20480,0.002493917726774508,prefix_20480,True,84,84,1.0,full,False,2,4,2,-0.2,0.0,True,True,True,True,True,True
abc371d,66610768,Qwen2.5-Coder-7B-Instruct,8211979,20480,0.002493917726774508,prefix_20480,True,84,84,1.0,full,False,1,0,1,0.1,0.0,True,True,True,True,True,True
abc371d,66993984,Qwen2.5-Coder-7B-Instruct,8211979,20480,0.002493917726774508,prefix_20480,True,84,84,1.0,full,False,0,0,2,0.2,0.2,True,True,True,True,True,True
abc371d,66849824,Qwen2.5-Coder-7B-Instruct,8211979,20480,0.002493917726774508,prefix_20480,True,84,84,1.0,full,False,1,0,1,0.1,0.0,True,True,True,True,True,True
abc371d,66994557,Qwen2.5-Coder-7B-Instruct,8211979,20480,0.002493917726774508,prefix_20480,True,84,84,1.0,full,False,2,3,3,0.0,0.1,True,True,True,True,True,True
abc371d,66994628,Qwen2.5-Coder-7B-Instruct,8211979,20480,0.002493917726774508,prefix_20480,True,84,84,1.0,full,False,1,2,1,-0.1,0.0,True,True,True,True,True,True
abc371d,66610631,Qwen2.5-Coder-7B-Instruct,8211979,20480,0.002493917726774508,prefix_20480,True,84,84,1.0,full,False,0,0,1,0.1,0.1,True,True,True,True,True,True
abc371d,66715307,Qwen2.5-Coder-7B-Instruct,8211979,20480,0.002493917726774508,prefix_20480,True,43,43,1.0,full,False,0,1,0,-0.1,0.0,True,True,True,True,True,True
abc371d,66849751,Qwen2.5-Coder-7B-Instruct,8211979,20480,0.002493917726774508,prefix_20480,True,84,84,1.0,full,False,0,1,0,-0.1,0.0,True,True,True,True,True,True
abc371d,66850066,Qwen2.5-Coder-7B-Instruct,8211979,20480,0.002493917726774508,prefix_20480,True,84,84,1.0,full,False,1,1,1,0.0,0.0,True,True,True,True,True,True
abc372e,65729583,Qwen2.5-Coder-7B-Instruct,1144843,40960,0.03577783154546082,prefix_40960,True,1144843,40960,0.03577783154546082,prefix_40960,True,0,1,0,-0.1,0.0,True,True,True,True,True,True
abc372e,65229511,Qwen2.5-Coder-7B-Instruct,18610,18610,1.0,full,False,52,52,1.0,full,False,0,0,0,0.0,0.0,True,True,True,True,True,True
abc372e,65229436,Qwen2.5-Coder-7B-Instruct,18610,18610,1.0,full,False,52,52,1.0,full,False,0,0,0,0.0,0.0,True,True,True,True,True,True
abc372e,63234684,Qwen2.5-Coder-7B-Instruct,18610,18610,1.0,full,False,18610,18610,1.0,full,False,0,1,0,-0.1,0.0,True,True,True,True,True,True
abc372e,62871448,Qwen2.5-Coder-7B-Instruct,18610,18610,1.0,full,False,18610,18610,1.0,full,False,0,0,0,0.0,0.0,True,True,True,True,True,True
abc372e,62870440,Qwen2.5-Coder-7B-Instruct,18610,18610,1.0,full,False,18610,18610,1.0,full,False,0,0,0,0.0,0.0,True,True,True,True,True,True
abc372e,62869832,Qwen2.5-Coder-7B-Instruct,18610,18610,1.0,full,False,18610,18610,1.0,full,False,0,0,0,0.0,0.0,True,True,True,True,True,True
abc372e,62869553,Qwen2.5-Coder-7B-Instruct,18610,18610,1.0,full,False,18610,18610,1.0,full,False,0,0,0,0.0,0.0,True,True,True,True,True,True
abc372e,63594564,Qwen2.5-Coder-7B-Instruct,2456068,40960,0.016677062687189444,prefix_40960,True,93,93,1.0,full,False,1,0,0,0.0,-0.1,True,True,True,True,True,True
abc372e,63594225,Qwen2.5-Coder-7B-Instruct,2456068,40960,0.016677062687189444,prefix_40960,True,93,93,1.0,full,False,2,1,0,-0.1,-0.2,True,True,True,True,True,True
abc373e,67236729,Qwen2.5-Coder-7B-Instruct,896214,20480,0.022851684977025576,prefix_20480,True,28,28,1.0,full,False,0,0,0,0.0,0.0,True,True,True,True,False,False
abc373e,67229036,Qwen2.5-Coder-7B-Instruct,1555770,20480,0.013163899548133722,prefix_20480,True,30,30,1.0,full,False,0,0,0,0.0,0.0,True,True,True,True,False,False
abc373e,67100851,Qwen2.5-Coder-7B-Instruct,1555770,20480,0.013163899548133722,prefix_20480,True,30,30,1.0,full,False,0,0,0,0.0,0.0,True,True,True,True,False,False
abc373e,67066262,Qwen2.5-Coder-7B-Instruct,1555770,20480,0.013163899548133722,prefix_20480,True,30,30,1.0,full,False,0,0,0,0.0,0.0,True,True,True,True,False,False
abc373e,67066226,Qwen2.5-Coder-7B-Instruct,1555770,20480,0.013163899548133722,prefix_20480,True,30,30,1.0,full,False,0,0,0,0.0,0.0,True,True,True,True,False,False
abc373e,67066043,Qwen2.5-Coder-7B-Instruct,1555770,20480,0.013163899548133722,prefix_20480,True,30,30,1.0,full,False,0,0,0,0.0,0.0,True,True,True,True,False,False
abc373e,67065995,Qwen2.5-Coder-7B-Instruct,1555770,20480,0.013163899548133722,prefix_20480,True,30,30,1.0,full,False,0,0,0,0.0,0.0,True,True,True,True,False,False
abc373e,67059080,Qwen2.5-Coder-7B-Instruct,1517326,20480,0.013497429029753658,prefix_20480,True,27,27,1.0,full,False,0,0,0,0.0,0.0,True,True,True,True,True,True
abc373e,67058914,Qwen2.5-Coder-7B-Instruct,1517326,20480,0.013497429029753658,prefix_20480,True,27,27,1.0,full,False,0,0,0,0.0,0.0,True,True,True,True,True,True
abc373e,66836397,Qwen2.5-Coder-7B-Instruct,1555770,20480,0.013163899548133722,prefix_20480,True,30,30,1.0,full,False,0,0,0,0.0,0.0,True,True,True,True,False,False
abc374e,67093981,Qwen2.5-Coder-7B-Instruct,1213,1213,1.0,full,False,1206,1206,1.0,full,False,0,0,0,0.0,0.0,True,True,True,True,True,True
abc374e,67041262,Qwen2.5-Coder-7B-Instruct,1371,1371,1.0,full,False,1364,1364,1.0,full,False,0,0,0,0.0,0.0,True,True,True,True,True,True
abc374e,67041400,Qwen2.5-Coder-7B-Instruct,1513,1513,1.0,full,False,1506,1506,1.0,full,False,0,0,0,0.0,0.0,True,True,True,True,True,True
abc374e,67213607,Qwen2.5-Coder-7B-Instruct,1513,1513,1.0,full,False,1506,1506,1.0,full,False,2,4,1,-0.3,-0.1,True,True,True,True,True,True
abc374e,67243557,Qwen2.5-Coder-7B-Instruct,1513,1513,1.0,full,False,1506,1506,1.0,full,False,0,0,0,0.0,0.0,True,True,True,True,True,True
abc374e,66609580,Qwen2.5-Coder-7B-Instruct,1371,1371,1.0,full,False,1364,1364,1.0,full,False,0,0,0,0.0,0.0,True,True,True,True,True,True
abc374e,66708613,Qwen2.5-Coder-7B-Instruct,2413,2413,1.0,full,False,28,28,1.0,full,False,0,0,0,0.0,0.0,True,True,True,True,True,True
abc374e,67028820,Qwen2.5-Coder-7B-Instruct,1371,1371,1.0,full,False,1364,1364,1.0,full,False,0,0,0,0.0,0.0,True,True,True,True,True,True
abc374e,66726283,Qwen2.5-Coder-7B-Instruct,1213,1213,1.0,full,False,1206,1206,1.0,full,False,0,0,0,0.0,0.0,True,True,True,True,False,False
abc374e,67096409,Qwen2.5-Coder-7B-Instruct,1513,1513,1.0,full,False,1506,1506,1.0,full,False,0,0,0,0.0,0.0,True,True,True,True,True,True
abc375c,67172723,Qwen2.5-Coder-7B-Instruct,1028292,20480,0.019916521766190926,prefix_20480,True,7,7,1.0,full,False,0,0,0,0.0,0.0,True,True,True,True,True,True
abc375c,67163740,Qwen2.5-Coder-7B-Instruct,1028292,20480,0.019916521766190926,prefix_20480,True,7,7,1.0,full,False,0,0,0,0.0,0.0,True,True,True,True,True,True
abc375c,67061482,Qwen2.5-Coder-7B-Instruct,1028292,20480,0.019916521766190926,prefix_20480,True,7,7,1.0,full,False,0,0,0,0.0,0.0,True,True,True,True,True,True
abc375c,66923608,Qwen2.5-Coder-7B-Instruct,1028292,20480,0.019916521766190926,prefix_20480,True,7,7,1.0,full,False,0,0,0,0.0,0.0,True,True,True,True,True,True
abc375c,66863024,Qwen2.5-Coder-7B-Instruct,1028292,20480,0.019916521766190926,prefix_20480,True,7,7,1.0,full,False,0,0,0,0.0,0.0,True,True,True,True,True,True
abc375c,66862645,Qwen2.5-Coder-7B-Instruct,1028292,20480,0.019916521766190926,prefix_20480,True,7,7,1.0,full,False,0,0,0,0.0,0.0,True,True,True,True,True,True
abc375c,66862484,Qwen2.5-Coder-7B-Instruct,1028292,20480,0.019916521766190926,prefix_20480,True,7,7,1.0,full,False,0,0,0,0.0,0.0,True,True,True,True,True,True
abc375c,66862442,Qwen2.5-Coder-7B-Instruct,1028292,20480,0.019916521766190926,prefix_20480,True,7,7,1.0,full,False,0,0,0,0.0,0.0,True,True,True,True,True,True
abc375c,66862386,Qwen2.5-Coder-7B-Instruct,1028292,20480,0.019916521766190926,prefix_20480,True,7,7,1.0,full,False,0,0,0,0.0,0.0,True,True,True,True,True,True
abc375c,66824352,Qwen2.5-Coder-7B-Instruct,4155592,20480,0.004928299024543314,prefix_20480,True,23,23,1.0,full,False,0,0,0,0.0,0.0,True,True,True,True,True,True
abc376c,65060332,Qwen2.5-Coder-7B-Instruct,3955096,20480,0.005178129683830683,prefix_20480,True,17,17,1.0,full,False,0,0,0,0.0,0.0,True,True,True,True,True,True
abc376c,65060141,Qwen2.5-Coder-7B-Instruct,3955096,20480,0.005178129683830683,prefix_20480,True,17,17,1.0,full,False,2,0,1,0.1,-0.1,True,True,True,True,True,True
abc376c,64980246,Qwen2.5-Coder-7B-Instruct,3955096,20480,0.005178129683830683,prefix_20480,True,17,17,1.0,full,False,0,0,0,0.0,0.0,True,True,True,True,True,True
abc376c,64977242,Qwen2.5-Coder-7B-Instruct,3955096,20480,0.005178129683830683,prefix_20480,True,17,17,1.0,full,False,0,0,0,0.0,0.0,True,True,True,True,True,True
abc376c,64962645,Qwen2.5-Coder-7B-Instruct,1528091,20480,0.013402343185059005,prefix_20480,True,25,25,1.0,full,False,0,0,0,0.0,0.0,True,True,True,True,True,True
abc376c,64962053,Qwen2.5-Coder-7B-Instruct,3955621,20480,0.005177442429393514,prefix_20480,True,294696,10242,0.03475615549583299,prefix_other,True,0,0,0,0.0,0.0,True,True,True,True,True,True
abc376c,64955978,Qwen2.5-Coder-7B-Instruct,3955621,20480,0.005177442429393514,prefix_20480,True,294696,10242,0.03475615549583299,prefix_other,True,0,0,0,0.0,0.0,True,True,True,True,True,True
abc376c,64955966,Qwen2.5-Coder-7B-Instruct,3955621,20480,0.005177442429393514,prefix_20480,True,294696,10242,0.03475615549583299,prefix_other,True,0,0,0,0.0,0.0,True,True,True,True,True,True
abc376c,64955961,Qwen2.5-Coder-7B-Instruct,3955096,20480,0.005178129683830683,prefix_20480,True,620,620,1.0,full,False,0,0,0,0.0,0.0,True,True,True,True,True,True
abc376c,64955954,Qwen2.5-Coder-7B-Instruct,3955621,20480,0.005177442429393514,prefix_20480,True,294696,10242,0.03475615549583299,prefix_other,True,0,0,0,0.0,0.0,True,True,True,True,True,True
abc376e,67092162,Qwen2.5-Coder-7B-Instruct,2416933,20480,0.008473548915091979,prefix_20480,True,17,17,1.0,full,False,0,0,1,0.1,0.1,True,True,True,True,True,True
abc376e,67027803,Qwen2.5-Coder-7B-Instruct,2016905,20480,0.010154171862333625,prefix_20480,True,26,26,1.0,full,False,0,0,2,0.2,0.2,True,True,True,True,True,True
abc376e,66915962,Qwen2.5-Coder-7B-Instruct,1816674,20480,0.01127334898831601,prefix_20480,True,25,25,1.0,full,False,1,0,2,0.2,0.1,True,True,True,True,True,True
abc376e,66495343,Qwen2.5-Coder-7B-Instruct,2416933,20480,0.008473548915091979,prefix_20480,True,17,17,1.0,full,False,0,0,0,0.0,0.0,True,True,True,True,True,True
abc376e,66075558,Qwen2.5-Coder-7B-Instruct,2416933,20480,0.008473548915091979,prefix_20480,True,10,10,1.0,full,False,0,0,0,0.0,0.0,True,True,True,True,True,True
abc376e,66075483,Qwen2.5-Coder-7B-Instruct,2416933,20480,0.008473548915091979,prefix_20480,True,10,10,1.0,full,False,0,0,0,0.0,0.0,True,True,True,True,True,True
abc376e,66075325,Qwen2.5-Coder-7B-Instruct,2416933,20480,0.008473548915091979,prefix_20480,True,10,10,1.0,full,False,0,0,0,0.0,0.0,True,True,True,True,True,True
abc376e,66074967,Qwen2.5-Coder-7B-Instruct,2416933,20480,0.008473548915091979,prefix_20480,True,10,10,1.0,full,False,0,0,0,0.0,0.0,True,True,True,True,True,True
abc376e,65936878,Qwen2.5-Coder-7B-Instruct,2016905,20480,0.010154171862333625,prefix_20480,True,26,26,1.0,full,False,0,0,0,0.0,0.0,True,True,True,True,True,True
abc376e,65710653,Qwen2.5-Coder-7B-Instruct,1816674,20480,0.01127334898831601,prefix_20480,True,25,25,1.0,full,False,1,1,2,0.1,0.1,True,True,True,True,True,True
abc376d,67251105,Qwen2.5-Coder-7B-Instruct,2577853,40960,0.015889191509368454,prefix_40960,True,2577853,40960,0.015889191509368454,prefix_40960,True,0,0,0,0.0,0.0,True,True,True,True,True,True
abc376d,67091871,Qwen2.5-Coder-7B-Instruct,1729652,20480,0.01184053208391052,prefix_20480,True,36,36,1.0,full,False,0,0,0,0.0,0.0,True,True,True,True,True,True
abc376d,67073362,Qwen2.5-Coder-7B-Instruct,1729652,20480,0.01184053208391052,prefix_20480,True,36,36,1.0,full,False,0,0,0,0.0,0.0,True,True,True,True,True,True
abc376d,66684636,Qwen2.5-Coder-7B-Instruct,1729652,20480,0.01184053208391052,prefix_20480,True,36,36,1.0,full,False,0,0,0,0.0,0.0,True,True,True,True,True,True
abc376d,66676091,Qwen2.5-Coder-7B-Instruct,1729652,20480,0.01184053208391052,prefix_20480,True,36,36,1.0,full,False,0,0,0,0.0,0.0,True,True,True,True,True,True
abc376d,66669463,Qwen2.5-Coder-7B-Instruct,1729652,20480,0.01184053208391052,prefix_20480,True,45,45,1.0,full,False,0,0,0,0.0,0.0,True,True,True,True,True,True
abc376d,66500367,Qwen2.5-Coder-7B-Instruct,1729652,20480,0.01184053208391052,prefix_20480,True,16,16,1.0,full,False,0,0,0,0.0,0.0,True,True,True,True,True,True
abc376d,66485044,Qwen2.5-Coder-7B-Instruct,1729652,20480,0.01184053208391052,prefix_20480,True,36,36,1.0,full,False,0,0,0,0.0,0.0,True,True,True,True,True,True
abc376d,66484903,Qwen2.5-Coder-7B-Instruct,1729652,20480,0.01184053208391052,prefix_20480,True,36,36,1.0,full,False,0,0,0,0.0,0.0,True,True,True,True,True,True
abc376d,66443013,Qwen2.5-Coder-7B-Instruct,1729652,20480,0.01184053208391052,prefix_20480,True,36,36,1.0,full,False,0,0,0,0.0,0.0,True,True,True,True,True,True
abc377c,64880220,Qwen2.5-Coder-7B-Instruct,1503973,20480,0.013617265735488602,prefix_20480,True,13,13,1.0,full,False,2,0,1,0.1,-0.1,True,True,True,True,True,True
abc377c,64868673,Qwen2.5-Coder-7B-Instruct,1503973,20480,0.013617265735488602,prefix_20480,True,13,13,1.0,full,False,1,1,2,0.1,0.1,True,True,True,True,True,True
abc377c,64698971,Qwen2.5-Coder-7B-Instruct,482615,20480,0.04243548169866249,prefix_20480,True,31,31,1.0,full,False,0,1,1,0.0,0.1,True,True,True,True,True,True
abc377c,64698368,Qwen2.5-Coder-7B-Instruct,482615,20480,0.04243548169866249,prefix_20480,True,31,31,1.0,full,False,0,0,0,0.0,0.0,True,True,True,True,True,True
abc377c,64493881,Qwen2.5-Coder-7B-Instruct,1557078,20480,0.013152841411926698,prefix_20480,True,14,14,1.0,full,False,0,0,1,0.1,0.1,True,True,True,True,True,True
abc377c,64493735,Qwen2.5-Coder-7B-Instruct,1557078,20480,0.013152841411926698,prefix_20480,True,14,14,1.0,full,False,2,0,0,0.0,-0.2,True,True,True,True,True,True
abc377c,64188365,Qwen2.5-Coder-7B-Instruct,1557078,20480,0.013152841411926698,prefix_20480,True,22,22,1.0,full,False,1,4,1,-0.3,0.0,True,True,True,True,True,True
abc377c,63949262,Qwen2.5-Coder-7B-Instruct,482615,20480,0.04243548169866249,prefix_20480,True,31,31,1.0,full,False,2,0,0,0.0,-0.2,True,True,True,True,True,True
abc377c,63949051,Qwen2.5-Coder-7B-Instruct,482615,20480,0.04243548169866249,prefix_20480,True,31,31,1.0,full,False,3,3,4,0.1,0.1,True,True,True,True,True,True
abc377c,63948871,Qwen2.5-Coder-7B-Instruct,482615,20480,0.04243548169866249,prefix_20480,True,31,31,1.0,full,False,7,4,6,0.2,-0.1,True,True,True,True,True,True
abc377f,64672933,Qwen2.5-Coder-7B-Instruct,5443,5443,1.0,full,False,10,10,1.0,full,False,0,0,0,0.0,0.0,True,True,True,True,True,True
abc377f,64672896,Qwen2.5-Coder-7B-Instruct,5443,5443,1.0,full,False,10,10,1.0,full,False,0,0,0,0.0,0.0,True,True,True,True,True,True
abc377f,59971129,Qwen2.5-Coder-7B-Instruct,5443,5443,1.0,full,False,5,5,1.0,full,False,0,0,0,0.0,0.0,True,True,True,True,True,True
abc377f,67095334,Qwen2.5-Coder-7B-Instruct,11657,11657,1.0,full,False,31,31,1.0,full,False,1,0,0,0.0,-0.1,True,True,True,True,True,True
abc377f,61466538,Qwen2.5-Coder-7B-Instruct,5443,5443,1.0,full,False,10,10,1.0,full,False,0,0,0,0.0,0.0,True,True,True,True,True,True
abc377f,61644105,Qwen2.5-Coder-7B-Instruct,11657,11657,1.0,full,False,19,19,1.0,full,False,0,0,0,0.0,0.0,True,True,True,True,True,True
abc377f,67095303,Qwen2.5-Coder-7B-Instruct,11657,11657,1.0,full,False,31,31,1.0,full,False,0,0,0,0.0,0.0,True,True,True,True,True,True
abc377f,61466557,Qwen2.5-Coder-7B-Instruct,5443,5443,1.0,full,False,10,10,1.0,full,False,0,0,0,0.0,0.0,True,True,True,True,True,True
abc377f,61026107,Qwen2.5-Coder-7B-Instruct,5443,5443,1.0,full,False,5,5,1.0,full,False,0,0,0,0.0,0.0,True,True,True,True,True,True
abc377f,61634046,Qwen2.5-Coder-7B-Instruct,11657,11657,1.0,full,False,19,19,1.0,full,False,0,0,0,0.0,0.0,True,True,True,True,True,True
abc361c,67213592,GLM-4-9B-Chat,6904,6904,1.0,full,False,6903,6903,1.0,full,False,0,0,0,0.0,0.0,True,True,True,True,True,True
abc361c,67186860,GLM-4-9B-Chat,6904,6904,1.0,full,False,6903,6903,1.0,full,False,0,0,0,0.0,0.0,True,True,True,True,True,True
abc361c,67182020,GLM-4-9B-Chat,6904,6904,1.0,full,False,6903,6903,1.0,full,False,0,0,0,0.0,0.0,True,True,True,True,True,True
abc361c,67107765,GLM-4-9B-Chat,6904,6904,1.0,full,False,6903,6903,1.0,full,False,0,0,0,0.0,0.0,True,True,True,True,True,True
abc361c,67095560,GLM-4-9B-Chat,6904,6904,1.0,full,False,6903,6903,1.0,full,False,0,0,0,0.0,0.0,True,True,True,True,True,True
abc361c,67095547,GLM-4-9B-Chat,6904,6904,1.0,full,False,6903,6903,1.0,full,False,0,0,0,0.0,0.0,True,True,True,True,True,True
abc361c,67030359,GLM-4-9B-Chat,6904,6904,1.0,full,False,6903,6903,1.0,full,False,0,0,0,0.0,0.0,True,True,True,True,True,True
abc361c,67026479,GLM-4-9B-Chat,6904,6904,1.0,full,False,23,23,1.0,full,False,0,0,0,0.0,0.0,True,True,True,True,True,True
abc361c,66894391,GLM-4-9B-Chat,6904,6904,1.0,full,False,6903,6903,1.0,full,False,0,0,0,0.0,0.0,True,True,True,True,True,True
abc361c,66704499,GLM-4-9B-Chat,6904,6904,1.0,full,False,6903,6903,1.0,full,False,0,0,0,0.0,0.0,True,True,True,True,True,True
abc362d,67088863,GLM-4-9B-Chat,678706,20480,0.03017506843905903,prefix_20480,True,24,24,1.0,full,False,0,0,0,0.0,0.0,True,True,True,True,True,True
abc362d,67055151,GLM-4-9B-Chat,3038015,20480,0.006741243871409457,prefix_20480,True,76,76,1.0,full,False,0,0,1,0.1,0.1,True,True,True,True,True,True
abc362d,66901805,GLM-4-9B-Chat,3038015,20480,0.006741243871409457,prefix_20480,True,22,22,1.0,full,False,0,0,1,0.1,0.1,True,True,True,True,True,True
abc362d,66901765,GLM-4-9B-Chat,3038015,30720,0.010111865807114186,prefix_20480,True,23,23,1.0,full,False,0,0,0,0.0,0.0,True,True,True,True,True,True
abc362d,66824420,GLM-4-9B-Chat,26198,26198,1.0,full,False,24,24,1.0,full,False,6,2,6,0.4,0.0,True,True,True,True,True,True
abc362d,66485839,GLM-4-9B-Chat,678706,20480,0.03017506843905903,prefix_20480,True,24,24,1.0,full,False,0,0,0,0.0,0.0,True,True,True,True,True,True
abc362d,66485778,GLM-4-9B-Chat,678706,20480,0.03017506843905903,prefix_20480,True,24,24,1.0,full,False,0,0,1,0.1,0.1,True,True,True,True,True,True
abc362d,66485717,GLM-4-9B-Chat,26198,20480,0.7817390640506909,prefix_20480,True,24,24,1.0,full,False,0,0,1,0.1,0.1,True,True,True,True,True,True
abc362d,66246685,GLM-4-9B-Chat,3038015,20480,0.006741243871409457,prefix_20480,True,75,75,1.0,full,False,0,0,1,0.1,0.1,True,True,True,True,True,True
abc362d,65947516,GLM-4-9B-Chat,678706,20480,0.03017506843905903,prefix_20480,True,24,24,1.0,full,False,0,0,1,0.1,0.1,True,True,True,True,True,True
abc363e,67112937,GLM-4-9B-Chat,5885,5885,1.0,full,False,17,17,1.0,full,False,0,0,0,0.0,0.0,True,True,True,True,True,True
abc363e,67112907,GLM-4-9B-Chat,5885,5885,1.0,full,False,17,17,1.0,full,False,0,0,0,0.0,0.0,True,True,True,True,True,True
abc363e,67012798,GLM-4-9B-Chat,6446038,20480,0.003177145403114285,prefix_20480,True,18,18,1.0,full,False,0,0,0,0.0,0.0,True,True,True,True,True,True
abc363e,66903504,GLM-4-9B-Chat,5853455,20480,0.0034987883224522954,prefix_20480,True,16,16,1.0,full,False,0,0,0,0.0,0.0,True,True,True,True,True,True
abc363e,66903440,GLM-4-9B-Chat,5853455,30720,0.005248182483678443,prefix_20480,True,16,16,1.0,full,False,0,0,0,0.0,0.0,True,True,True,True,True,True
abc363e,66879782,GLM-4-9B-Chat,5833173,40960,0.007021907287851741,prefix_40960,True,5833173,40960,0.007021907287851741,prefix_40960,True,0,0,0,0.0,0.0,True,False,False,True,False,False
abc363e,66867492,GLM-4-9B-Chat,5885,5885,1.0,full,False,17,17,1.0,full,False,0,0,0,0.0,0.0,True,True,True,True,True,True
abc363e,66698060,GLM-4-9B-Chat,5885,5885,1.0,full,False,17,17,1.0,full,False,0,0,0,0.0,0.0,True,True,True,True,True,True
abc363e,66451108,GLM-4-9B-Chat,5885,5885,1.0,full,False,17,17,1.0,full,False,0,0,0,0.0,0.0,True,True,True,True,True,True
abc363e,66451062,GLM-4-9B-Chat,5885,5885,1.0,full,False,17,17,1.0,full,False,0,0,0,0.0,0.0,True,True,True,True,True,True
abc364d,67175419,GLM-4-9B-Chat,682693,20480,0.02999884281807489,prefix_20480,True,224017,20480,0.09142163317962476,prefix_20480,True,0,0,0,0.0,0.0,True,True,True,True,True,True
abc364d,66949397,GLM-4-9B-Chat,682693,20480,0.02999884281807489,prefix_20480,True,29,29,1.0,full,False,0,0,0,0.0,0.0,True,True,True,True,True,True
abc364d,66687736,GLM-4-9B-Chat,682693,20480,0.02999884281807489,prefix_20480,True,29,29,1.0,full,False,0,0,0,0.0,0.0,True,True,True,True,True,True
abc364d,66684832,GLM-4-9B-Chat,682693,20480,0.02999884281807489,prefix_20480,True,29,29,1.0,full,False,0,0,0,0.0,0.0,True,True,True,True,True,True
abc364d,66684578,GLM-4-9B-Chat,682693,20480,0.02999884281807489,prefix_20480,True,29,29,1.0,full,False,0,0,0,0.0,0.0,True,True,True,True,True,True
abc364d,65154558,GLM-4-9B-Chat,2688994,20480,0.007616231200218372,prefix_20480,True,29,29,1.0,full,False,0,0,0,0.0,0.0,True,True,True,True,True,True
abc364d,65154456,GLM-4-9B-Chat,2688994,20480,0.007616231200218372,prefix_20480,True,29,29,1.0,full,False,0,0,0,0.0,0.0,True,True,True,True,True,True
abc364d,65154395,GLM-4-9B-Chat,2688994,40960,0.015232462400436743,prefix_40960,True,29,29,1.0,full,False,0,0,0,0.0,0.0,True,True,True,True,True,True
abc364d,65154375,GLM-4-9B-Chat,2688994,40960,0.015232462400436743,prefix_40960,True,29,29,1.0,full,False,0,0,0,0.0,0.0,True,True,True,True,True,True
abc364d,65154236,GLM-4-9B-Chat,2688994,40960,0.015232462400436743,prefix_40960,True,29,29,1.0,full,False,0,0,0,0.0,0.0,True,True,True,True,True,True
abc365d,67035548,GLM-4-9B-Chat,200008,20480,0.10239590416383344,prefix_20480,True,7,7,1.0,full,False,0,0,0,0.0,0.0,True,True,True,True,True,True
abc365d,67113943,GLM-4-9B-Chat,200008,40960,0.20479180832766689,prefix_40960,True,6,6,1.0,full,False,0,0,0,0.0,0.0,True,True,True,True,True,True
abc365d,67113921,GLM-4-9B-Chat,200008,40960,0.20479180832766689,prefix_40960,True,6,6,1.0,full,False,0,0,0,0.0,0.0,True,True,True,True,True,True
abc365d,67228375,GLM-4-9B-Chat,200008,40960,0.20479180832766689,prefix_40960,True,8,8,1.0,full,False,0,0,0,0.0,0.0,True,True,True,True,True,True
abc365d,67225698,GLM-4-9B-Chat,200008,40960,0.20479180832766689,prefix_40960,True,4,4,1.0,full,False,0,0,0,0.0,0.0,True,False,False,True,False,False
abc365d,66992050,GLM-4-9B-Chat,200008,40960,0.20479180832766689,prefix_40960,True,6,6,1.0,full,False,0,0,0,0.0,0.0,True,True,True,True,True,True
abc365d,66993696,GLM-4-9B-Chat,200008,40960,0.20479180832766689,prefix_40960,True,6,6,1.0,full,False,0,0,0,0.0,0.0,True,True,True,True,True,True
abc365d,67035523,GLM-4-9B-Chat,200008,40960,0.20479180832766689,prefix_40960,True,6,6,1.0,full,False,0,0,0,0.0,0.0,True,True,True,True,True,True
abc365d,67228302,GLM-4-9B-Chat,200008,40960,0.20479180832766689,prefix_40960,True,6,6,1.0,full,False,0,0,0,0.0,0.0,True,True,True,True,True,True
abc365d,67283559,GLM-4-9B-Chat,200008,40960,0.20479180832766689,prefix_40960,True,8,8,1.0,full,False,0,0,0,0.0,0.0,True,True,True,True,True,True
abc366c,67028599,GLM-4-9B-Chat,1088924,40960,0.03761511363511136,prefix_40960,True,31,31,1.0,full,False,0,0,0,0.0,0.0,True,True,True,True,True,True
abc366c,66889857,GLM-4-9B-Chat,1088924,40960,0.03761511363511136,prefix_40960,True,31,31,1.0,full,False,0,0,0,0.0,0.0,True,True,True,True,True,True
abc366c,66889844,GLM-4-9B-Chat,1088924,40960,0.03761511363511136,prefix_40960,True,31,31,1.0,full,False,1,0,0,0.0,-0.1,True,True,True,True,True,True
abc366c,66875780,GLM-4-9B-Chat,1088924,40960,0.03761511363511136,prefix_40960,True,31,31,1.0,full,False,0,0,1,0.1,0.1,True,True,True,True,True,True
abc366c,66808962,GLM-4-9B-Chat,1088924,40960,0.03761511363511136,prefix_40960,True,22,22,1.0,full,False,7,5,8,0.3,0.1,True,True,True,True,True,True
abc366c,66658547,GLM-4-9B-Chat,1088924,40960,0.03761511363511136,prefix_40960,True,31,31,1.0,full,False,0,0,0,0.0,0.0,True,True,True,True,True,True
abc366c,66290391,GLM-4-9B-Chat,1088924,40960,0.03761511363511136,prefix_40960,True,31,31,1.0,full,False,0,0,0,0.0,0.0,True,True,True,True,True,True
abc366c,66053042,GLM-4-9B-Chat,1088924,40960,0.03761511363511136,prefix_40960,True,22,22,1.0,full,False,7,2,4,0.2,-0.3,True,True,True,True,True,True
abc366c,65549527,GLM-4-9B-Chat,1088924,40960,0.03761511363511136,prefix_40960,True,4,4,1.0,full,False,0,0,0,0.0,0.0,True,True,True,True,True,True
abc366c,65541312,GLM-4-9B-Chat,1088924,40960,0.03761511363511136,prefix_40960,True,4,4,1.0,full,False,0,0,0,0.0,0.0,True,True,True,True,True,True
abc367d,67202273,GLM-4-9B-Chat,2199915,20480,0.009309450592409252,prefix_20480,True,2199910,40960,0.018618943502234184,prefix_40960,True,0,0,0,0.0,0.0,True,True,True,True,True,True
abc367d,67193151,GLM-4-9B-Chat,166156,40960,0.24651532294951733,prefix_40960,True,11,40960,3723.6363636363635,not_source_prefix,True,0,0,0,0.0,0.0,True,True,True,True,True,True
abc367d,66154485,GLM-4-9B-Chat,166156,40960,0.24651532294951733,prefix_40960,True,11,40960,3723.6363636363635,not_source_prefix,True,0,0,0,0.0,0.0,True,True,True,True,True,True
abc367d,67193160,GLM-4-9B-Chat,166156,40960,0.24651532294951733,prefix_40960,True,11,40960,3723.6363636363635,not_source_prefix,True,0,0,0,0.0,0.0,True,True,True,True,True,True
abc367d,65761143,GLM-4-9B-Chat,166156,40960,0.24651532294951733,prefix_40960,True,11,11,1.0,full,False,0,0,0,0.0,0.0,True,True,True,True,True,True
abc367d,63618307,GLM-4-9B-Chat,166156,40960,0.24651532294951733,prefix_40960,True,166154,40960,0.24651829026084235,prefix_40960,True,0,0,0,0.0,0.0,True,True,True,True,True,True
abc367d,66250755,GLM-4-9B-Chat,399999,40960,0.10240025600064,prefix_40960,True,11,11,1.0,full,False,0,0,0,0.0,0.0,True,True,True,True,True,True
abc367d,63618182,GLM-4-9B-Chat,166156,40960,0.24651532294951733,prefix_40960,True,11,11,1.0,full,False,0,0,0,0.0,0.0,True,True,True,True,True,True
abc367d,63090199,GLM-4-9B-Chat,166156,40960,0.24651532294951733,prefix_40960,True,11,11,1.0,full,False,0,0,0,0.0,0.0,True,True,True,True,True,True
abc367d,63618273,GLM-4-9B-Chat,166156,40960,0.24651532294951733,prefix_40960,True,11,11,1.0,full,False,0,0,0,0.0,0.0,True,True,True,True,True,True
abc368c,67191225,GLM-4-9B-Chat,1978074,40960,0.020707010961167276,prefix_40960,True,22,22,1.0,full,False,0,0,0,0.0,0.0,True,True,True,True,True,True
abc368c,67188516,GLM-4-9B-Chat,1978074,40960,0.020707010961167276,prefix_40960,True,22,22,1.0,full,False,0,0,0,0.0,0.0,True,True,True,True,True,True
abc368c,67112272,GLM-4-9B-Chat,1978074,40960,0.020707010961167276,prefix_40960,True,22,22,1.0,full,False,0,0,0,0.0,0.0,True,True,True,True,True,True
abc368c,67109122,GLM-4-9B-Chat,1978074,40960,0.020707010961167276,prefix_40960,True,12,12,1.0,full,False,0,0,0,0.0,0.0,True,True,True,True,True,True
abc368c,67109097,GLM-4-9B-Chat,1978074,40960,0.020707010961167276,prefix_40960,True,12,12,1.0,full,False,0,0,0,0.0,0.0,True,True,True,True,True,True
abc368c,67108987,GLM-4-9B-Chat,1978074,40960,0.020707010961167276,prefix_40960,True,22,22,1.0,full,False,0,0,0,0.0,0.0,True,True,True,True,True,True
abc368c,67014332,GLM-4-9B-Chat,1978074,40960,0.020707010961167276,prefix_40960,True,21,21,1.0,full,False,0,0,0,0.0,0.0,True,True,True,True,True,True
abc368c,66662246,GLM-4-9B-Chat,1978074,40960,0.020707010961167276,prefix_40960,True,12,12,1.0,full,False,0,0,0,0.0,0.0,True,True,True,True,True,True
abc368c,66662226,GLM-4-9B-Chat,1978074,40960,0.020707010961167276,prefix_40960,True,12,12,1.0,full,False,0,0,0,0.0,0.0,True,True,True,True,True,True
abc368c,66495377,GLM-4-9B-Chat,1978074,40960,0.020707010961167276,prefix_40960,True,12,12,1.0,full,False,0,0,0,0.0,0.0,True,True,True,True,True,True
abc369d,66452865,GLM-4-9B-Chat,1300007,40960,0.0315075226518011,prefix_40960,True,26,26,1.0,full,False,1,0,0,0.0,-0.1,True,True,True,True,True,True
abc369d,66698094,GLM-4-9B-Chat,1300007,40960,0.0315075226518011,prefix_40960,True,26,26,1.0,full,False,0,0,0,0.0,0.0,True,True,True,True,True,True
abc369d,66381795,GLM-4-9B-Chat,1600013,40960,0.025599792001689985,prefix_40960,True,37,37,1.0,full,False,0,0,0,0.0,0.0,True,True,True,True,True,True
abc369d,66601916,GLM-4-9B-Chat,1300007,40960,0.0315075226518011,prefix_40960,True,13,13,1.0,full,False,4,2,7,0.5,0.3,True,True,True,True,True,True
abc369d,66602018,GLM-4-9B-Chat,1300007,40960,0.0315075226518011,prefix_40960,True,13,13,1.0,full,False,2,5,4,-0.1,0.2,True,True,True,True,True,True
abc369d,67111720,GLM-4-9B-Chat,1300007,40960,0.0315075226518011,prefix_40960,True,13,13,1.0,full,False,0,0,0,0.0,0.0,True,True,True,True,True,True
abc369d,66290467,GLM-4-9B-Chat,1300007,40960,0.0315075226518011,prefix_40960,True,19,19,1.0,full,False,0,0,0,0.0,0.0,True,True,True,True,True,True
abc369d,66291076,GLM-4-9B-Chat,1300007,40960,0.0315075226518011,prefix_40960,True,37,37,1.0,full,False,0,0,0,0.0,0.0,True,True,True,True,True,True
abc369d,67240077,GLM-4-9B-Chat,1600013,40960,0.025599792001689985,prefix_40960,True,37,37,1.0,full,False,0,0,0,0.0,0.0,True,True,True,True,True,True
abc369d,67265264,GLM-4-9B-Chat,1300007,40960,0.0315075226518011,prefix_40960,True,13,13,1.0,full,False,0,0,0,0.0,0.0,True,True,True,True,True,True
abc370d,67044691,GLM-4-9B-Chat,1567915,40960,0.026123865132995094,prefix_40960,True,14,14,1.0,full,False,0,0,0,0.0,0.0,True,True,True,True,True,True
abc370d,66200722,GLM-4-9B-Chat,1567915,40960,0.026123865132995094,prefix_40960,True,26,26,1.0,full,False,0,0,0,0.0,0.0,True,True,True,True,True,True
abc370d,65578854,GLM-4-9B-Chat,1567915,40960,0.026123865132995094,prefix_40960,True,14,14,1.0,full,False,0,0,0,0.0,0.0,True,True,True,True,True,True
abc370d,65527153,GLM-4-9B-Chat,1567915,40960,0.026123865132995094,prefix_40960,True,14,14,1.0,full,False,0,0,0,0.0,0.0,True,True,True,True,True,True
abc370d,65496614,GLM-4-9B-Chat,1567915,40960,0.026123865132995094,prefix_40960,True,10,10,1.0,full,False,0,0,0,0.0,0.0,True,False,False,True,True,True
abc370d,65350419,GLM-4-9B-Chat,1567915,40960,0.026123865132995094,prefix_40960,True,1567915,40960,0.026123865132995094,prefix_40960,True,1,0,0,0.0,-0.1,True,True,True,True,True,True
abc370d,65350386,GLM-4-9B-Chat,1567915,40960,0.026123865132995094,prefix_40960,True,1567915,40960,0.026123865132995094,prefix_40960,True,0,0,0,0.0,0.0,True,True,True,True,True,True
abc370d,65350266,GLM-4-9B-Chat,1567915,40960,0.026123865132995094,prefix_40960,True,14,14,1.0,full,False,0,0,1,0.1,0.1,True,True,True,True,True,True
abc370d,67283761,GLM-4-9B-Chat,1567915,40960,0.026123865132995094,prefix_40960,True,22,22,1.0,full,False,0,0,0,0.0,0.0,True,True,True,True,True,True
abc370d,65350192,GLM-4-9B-Chat,1567915,40960,0.026123865132995094,prefix_40960,True,14,14,1.0,full,False,0,0,0,0.0,0.0,True,True,True,True,True,True
abc371d,66997913,GLM-4-9B-Chat,8211979,40960,0.004987835453549016,prefix_40960,True,84,84,1.0,full,False,4,1,7,0.6,0.3,True,True,True,True,True,True
abc371d,66610768,GLM-4-9B-Chat,8211979,40960,0.004987835453549016,prefix_40960,True,84,84,1.0,full,False,0,0,0,0.0,0.0,True,True,True,True,True,True
abc371d,66993984,GLM-4-9B-Chat,8211979,40960,0.004987835453549016,prefix_40960,True,84,84,1.0,full,False,0,2,3,0.1,0.3,True,True,True,True,True,True
abc371d,66849824,GLM-4-9B-Chat,8211979,40960,0.004987835453549016,prefix_40960,True,84,84,1.0,full,False,0,0,0,0.0,0.0,True,True,True,True,True,True
abc371d,66994557,GLM-4-9B-Chat,8211979,40960,0.004987835453549016,prefix_40960,True,84,84,1.0,full,False,1,1,0,-0.1,-0.1,True,True,True,True,True,True
abc371d,66994628,GLM-4-9B-Chat,8211979,40960,0.004987835453549016,prefix_40960,True,84,84,1.0,full,False,2,1,2,0.1,0.0,True,True,True,True,True,True
abc371d,66610631,GLM-4-9B-Chat,8211979,40960,0.004987835453549016,prefix_40960,True,84,84,1.0,full,False,0,0,0,0.0,0.0,True,True,True,True,True,True
abc371d,66715307,GLM-4-9B-Chat,8211979,40960,0.004987835453549016,prefix_40960,True,43,43,1.0,full,False,0,0,0,0.0,0.0,True,True,True,True,True,True
abc371d,66849751,GLM-4-9B-Chat,8211979,40960,0.004987835453549016,prefix_40960,True,84,84,1.0,full,False,0,0,0,0.0,0.0,True,True,True,True,True,True
abc371d,66850066,GLM-4-9B-Chat,8211979,40960,0.004987835453549016,prefix_40960,True,84,84,1.0,full,False,2,0,1,0.1,-0.1,True,True,True,True,True,True
abc372e,65729583,GLM-4-9B-Chat,1144843,40960,0.03577783154546082,prefix_40960,True,1144843,40960,0.03577783154546082,prefix_40960,True,0,0,0,0.0,0.0,True,True,True,True,True,True
abc372e,65229511,GLM-4-9B-Chat,18610,18610,1.0,full,False,52,52,1.0,full,False,0,0,0,0.0,0.0,True,True,True,True,True,True
abc372e,65229436,GLM-4-9B-Chat,18610,18610,1.0,full,False,52,52,1.0,full,False,0,0,0,0.0,0.0,True,True,True,True,True,True
abc372e,63234684,GLM-4-9B-Chat,18610,18610,1.0,full,False,18610,18610,1.0,full,False,0,0,0,0.0,0.0,True,True,True,True,True,True
abc372e,62871448,GLM-4-9B-Chat,18610,18610,1.0,full,False,18610,18610,1.0,full,False,0,0,0,0.0,0.0,True,True,True,True,True,True
abc372e,62870440,GLM-4-9B-Chat,18610,18610,1.0,full,False,18610,18610,1.0,full,False,0,0,0,0.0,0.0,True,True,True,True,True,True
abc372e,62869832,GLM-4-9B-Chat,18610,18610,1.0,full,False,18610,18610,1.0,full,False,0,0,0,0.0,0.0,True,True,True,True,True,True
abc372e,62869553,GLM-4-9B-Chat,18610,18610,1.0,full,False,18610,18610,1.0,full,False,0,0,0,0.0,0.0,True,True,True,True,True,True
abc372e,63594564,GLM-4-9B-Chat,2456068,40960,0.016677062687189444,prefix_40960,True,93,93,1.0,full,False,0,0,0,0.0,0.0,True,True,True,True,True,True
abc372e,63594225,GLM-4-9B-Chat,2456068,40960,0.016677062687189444,prefix_40960,True,93,93,1.0,full,False,0,0,0,0.0,0.0,True,True,True,True,True,True
abc373e,67236729,GLM-4-9B-Chat,896214,40960,0.04570336995405115,prefix_40960,True,28,28,1.0,full,False,0,0,0,0.0,0.0,True,True,True,True,False,False
abc373e,67229036,GLM-4-9B-Chat,1555770,40960,0.026327799096267444,prefix_40960,True,30,30,1.0,full,False,0,0,0,0.0,0.0,True,True,True,True,False,False
abc373e,67100851,GLM-4-9B-Chat,1555770,40960,0.026327799096267444,prefix_40960,True,30,30,1.0,full,False,0,0,0,0.0,0.0,True,True,True,True,False,False
abc373e,67066262,GLM-4-9B-Chat,1555770,40960,0.026327799096267444,prefix_40960,True,30,30,1.0,full,False,0,0,0,0.0,0.0,True,True,True,True,False,False
abc373e,67066226,GLM-4-9B-Chat,1555770,40960,0.026327799096267444,prefix_40960,True,30,30,1.0,full,False,0,0,0,0.0,0.0,True,True,True,True,False,False
abc373e,67066043,GLM-4-9B-Chat,1555770,40960,0.026327799096267444,prefix_40960,True,30,30,1.0,full,False,0,0,0,0.0,0.0,True,True,True,True,False,False
abc373e,67065995,GLM-4-9B-Chat,1555770,40960,0.026327799096267444,prefix_40960,True,30,30,1.0,full,False,0,0,0,0.0,0.0,True,True,True,True,False,False
abc373e,67059080,GLM-4-9B-Chat,1517326,40960,0.026994858059507316,prefix_40960,True,27,27,1.0,full,False,0,0,0,0.0,0.0,True,True,True,True,True,True
abc373e,67058914,GLM-4-9B-Chat,1517326,40960,0.026994858059507316,prefix_40960,True,27,27,1.0,full,False,0,0,0,0.0,0.0,True,True,True,True,True,True
abc373e,66836397,GLM-4-9B-Chat,1555770,40960,0.026327799096267444,prefix_40960,True,30,30,1.0,full,False,0,0,0,0.0,0.0,True,True,True,True,False,False
abc374e,67093981,GLM-4-9B-Chat,1213,1213,1.0,full,False,1206,1206,1.0,full,False,0,0,0,0.0,0.0,True,True,True,True,True,True
abc374e,67041262,GLM-4-9B-Chat,1371,1371,1.0,full,False,1364,1364,1.0,full,False,0,0,0,0.0,0.0,True,True,True,True,True,True
abc374e,67041400,GLM-4-9B-Chat,1513,1513,1.0,full,False,1506,1506,1.0,full,False,0,0,0,0.0,0.0,True,True,True,True,True,True
abc374e,67213607,GLM-4-9B-Chat,1513,1513,1.0,full,False,1506,1506,1.0,full,False,4,3,7,0.4,0.3,True,True,True,True,True,True
abc374e,67243557,GLM-4-9B-Chat,1513,1513,1.0,full,False,1506,1506,1.0,full,False,0,0,0,0.0,0.0,True,True,True,True,True,True
abc374e,66609580,GLM-4-9B-Chat,1371,1371,1.0,full,False,1364,1364,1.0,full,False,0,0,0,0.0,0.0,True,True,True,True,True,True
abc374e,66708613,GLM-4-9B-Chat,2413,2413,1.0,full,False,28,28,1.0,full,False,0,0,0,0.0,0.0,True,True,True,True,True,True
abc374e,67028820,GLM-4-9B-Chat,1371,1371,1.0,full,False,1364,1364,1.0,full,False,0,0,0,0.0,0.0,True,True,True,True,True,True
abc374e,66726283,GLM-4-9B-Chat,1213,1213,1.0,full,False,1206,1206,1.0,full,False,0,0,0,0.0,0.0,True,True,True,True,False,False
abc374e,67096409,GLM-4-9B-Chat,1513,1513,1.0,full,False,1506,1506,1.0,full,False,0,0,0,0.0,0.0,True,True,True,True,True,True
abc375c,67172723,GLM-4-9B-Chat,1028292,40960,0.03983304353238185,prefix_40960,True,7,7,1.0,full,False,0,0,0,0.0,0.0,True,True,True,True,True,True
abc375c,67163740,GLM-4-9B-Chat,1028292,40960,0.03983304353238185,prefix_40960,True,7,7,1.0,full,False,0,0,0,0.0,0.0,True,True,True,True,True,True
abc375c,67061482,GLM-4-9B-Chat,1028292,40960,0.03983304353238185,prefix_40960,True,7,7,1.0,full,False,0,0,0,0.0,0.0,True,True,True,True,True,True
abc375c,66923608,GLM-4-9B-Chat,1028292,40960,0.03983304353238185,prefix_40960,True,7,7,1.0,full,False,0,0,0,0.0,0.0,True,True,True,True,True,True
abc375c,66863024,GLM-4-9B-Chat,1028292,40960,0.03983304353238185,prefix_40960,True,7,7,1.0,full,False,0,0,0,0.0,0.0,True,True,True,True,True,True
abc375c,66862645,GLM-4-9B-Chat,1028292,40960,0.03983304353238185,prefix_40960,True,7,7,1.0,full,False,0,0,0,0.0,0.0,True,True,True,True,True,True
abc375c,66862484,GLM-4-9B-Chat,1028292,40960,0.03983304353238185,prefix_40960,True,7,7,1.0,full,False,0,0,0,0.0,0.0,True,True,True,True,True,True
abc375c,66862442,GLM-4-9B-Chat,1028292,40960,0.03983304353238185,prefix_40960,True,7,7,1.0,full,False,0,0,0,0.0,0.0,True,True,True,True,True,True
abc375c,66862386,GLM-4-9B-Chat,1028292,40960,0.03983304353238185,prefix_40960,True,7,7,1.0,full,False,0,0,0,0.0,0.0,True,True,True,True,True,True
abc375c,66824352,GLM-4-9B-Chat,4155592,40960,0.009856598049086628,prefix_40960,True,23,23,1.0,full,False,0,0,0,0.0,0.0,True,True,True,True,True,True
abc376c,65060332,GLM-4-9B-Chat,3955096,40960,0.010356259367661366,prefix_40960,True,17,17,1.0,full,False,0,0,0,0.0,0.0,True,True,True,True,True,True
abc376c,65060141,GLM-4-9B-Chat,3955096,40960,0.010356259367661366,prefix_40960,True,17,17,1.0,full,False,0,0,0,0.0,0.0,True,True,True,True,True,True
abc376c,64980246,GLM-4-9B-Chat,3955096,40960,0.010356259367661366,prefix_40960,True,17,17,1.0,full,False,0,0,0,0.0,0.0,True,True,True,True,True,True
abc376c,64977242,GLM-4-9B-Chat,3955096,40960,0.010356259367661366,prefix_40960,True,17,17,1.0,full,False,0,0,0,0.0,0.0,True,True,True,True,True,True
abc376c,64962645,GLM-4-9B-Chat,1528091,40960,0.02680468637011801,prefix_40960,True,25,25,1.0,full,False,0,0,0,0.0,0.0,True,True,True,True,True,True
abc376c,64962053,GLM-4-9B-Chat,3955621,40960,0.010354884858787028,prefix_40960,True,294696,40960,0.1389906887097212,prefix_40960,True,0,0,0,0.0,0.0,True,True,True,True,True,True
abc376c,64955978,GLM-4-9B-Chat,3955621,40960,0.010354884858787028,prefix_40960,True,294696,40960,0.1389906887097212,prefix_40960,True,0,0,0,0.0,0.0,True,True,True,True,True,True
abc376c,64955966,GLM-4-9B-Chat,3955621,40960,0.010354884858787028,prefix_40960,True,294696,40960,0.1389906887097212,prefix_40960,True,0,0,0,0.0,0.0,True,True,True,True,True,True
abc376c,64955961,GLM-4-9B-Chat,3955096,40960,0.010356259367661366,prefix_40960,True,620,620,1.0,full,False,0,0,0,0.0,0.0,True,True,True,True,True,True
abc376c,64955954,GLM-4-9B-Chat,3955621,40960,0.010354884858787028,prefix_40960,True,294696,40960,0.1389906887097212,prefix_40960,True,0,0,0,0.0,0.0,True,True,True,True,True,True
abc376e,67092162,GLM-4-9B-Chat,2416933,40960,0.016947097830183958,prefix_40960,True,17,17,1.0,full,False,0,0,0,0.0,0.0,True,True,True,True,True,True
abc376e,67027803,GLM-4-9B-Chat,2016905,40960,0.02030834372466725,prefix_40960,True,26,26,1.0,full,False,0,0,0,0.0,0.0,True,True,True,True,True,True
abc376e,66915962,GLM-4-9B-Chat,1816674,40960,0.02254669797663202,prefix_40960,True,25,25,1.0,full,False,0,0,0,0.0,0.0,True,True,True,True,True,True
abc376e,66495343,GLM-4-9B-Chat,2416933,40960,0.016947097830183958,prefix_40960,True,17,17,1.0,full,False,0,0,0,0.0,0.0,True,True,True,True,True,True
abc376e,66075558,GLM-4-9B-Chat,2416933,40960,0.016947097830183958,prefix_40960,True,10,10,1.0,full,False,0,0,0,0.0,0.0,True,True,True,True,True,True
abc376e,66075483,GLM-4-9B-Chat,2416933,40960,0.016947097830183958,prefix_40960,True,10,10,1.0,full,False,0,0,0,0.0,0.0,True,True,True,True,True,True
abc376e,66075325,GLM-4-9B-Chat,2416933,40960,0.016947097830183958,prefix_40960,True,10,10,1.0,full,False,0,0,0,0.0,0.0,True,True,True,True,True,True
abc376e,66074967,GLM-4-9B-Chat,2416933,40960,0.016947097830183958,prefix_40960,True,10,10,1.0,full,False,0,0,0,0.0,0.0,True,True,True,True,True,True
abc376e,65936878,GLM-4-9B-Chat,2016905,40960,0.02030834372466725,prefix_40960,True,26,26,1.0,full,False,0,0,0,0.0,0.0,True,True,True,True,True,True
abc376e,65710653,GLM-4-9B-Chat,1816674,40960,0.02254669797663202,prefix_40960,True,25,25,1.0,full,False,0,0,0,0.0,0.0,True,True,True,True,True,True
abc376d,67251105,GLM-4-9B-Chat,2577853,40960,0.015889191509368454,prefix_40960,True,2577853,40960,0.015889191509368454,prefix_40960,True,0,0,0,0.0,0.0,True,True,True,True,True,True
abc376d,67091871,GLM-4-9B-Chat,1729652,40960,0.02368106416782104,prefix_40960,True,36,36,1.0,full,False,0,0,0,0.0,0.0,True,True,True,True,True,True
abc376d,67073362,GLM-4-9B-Chat,1729652,40960,0.02368106416782104,prefix_40960,True,36,36,1.0,full,False,0,0,0,0.0,0.0,True,True,True,True,True,True
abc376d,66684636,GLM-4-9B-Chat,1729652,40960,0.02368106416782104,prefix_40960,True,36,36,1.0,full,False,0,0,0,0.0,0.0,True,True,True,True,True,True
abc376d,66676091,GLM-4-9B-Chat,1729652,40960,0.02368106416782104,prefix_40960,True,36,36,1.0,full,False,0,0,0,0.0,0.0,True,True,True,True,True,True
abc376d,66669463,GLM-4-9B-Chat,1729652,40960,0.02368106416782104,prefix_40960,True,45,45,1.0,full,False,0,0,0,0.0,0.0,True,True,True,True,True,True
abc376d,66500367,GLM-4-9B-Chat,1729652,40960,0.02368106416782104,prefix_40960,True,16,16,1.0,full,False,0,0,0,0.0,0.0,True,True,True,True,True,True
abc376d,66485044,GLM-4-9B-Chat,1729652,40960,0.02368106416782104,prefix_40960,True,36,36,1.0,full,False,3,1,6,0.5,0.3,True,True,True,True,True,True
abc376d,66484903,GLM-4-9B-Chat,1729652,40960,0.02368106416782104,prefix_40960,True,36,36,1.0,full,False,2,1,3,0.2,0.1,True,True,True,True,True,True
abc376d,66443013,GLM-4-9B-Chat,1729652,40960,0.02368106416782104,prefix_40960,True,36,36,1.0,full,False,0,0,0,0.0,0.0,True,True,True,True,True,True
abc377c,64880220,GLM-4-9B-Chat,1503973,40960,0.027234531470977204,prefix_40960,True,13,13,1.0,full,False,0,0,0,0.0,0.0,True,True,True,True,True,True
abc377c,64868673,GLM-4-9B-Chat,1503973,40960,0.027234531470977204,prefix_40960,True,13,13,1.0,full,False,0,0,0,0.0,0.0,True,True,True,True,True,True
abc377c,64698971,GLM-4-9B-Chat,482615,40960,0.08487096339732499,prefix_40960,True,31,31,1.0,full,False,1,0,0,0.0,-0.1,True,True,True,True,True,True
abc377c,64698368,GLM-4-9B-Chat,482615,40960,0.08487096339732499,prefix_40960,True,31,31,1.0,full,False,0,0,0,0.0,0.0,True,True,True,True,True,True
abc377c,64493881,GLM-4-9B-Chat,1557078,40960,0.026305682823853396,prefix_40960,True,14,14,1.0,full,False,0,0,0,0.0,0.0,True,True,True,True,True,True
abc377c,64493735,GLM-4-9B-Chat,1557078,40960,0.026305682823853396,prefix_40960,True,14,14,1.0,full,False,0,0,0,0.0,0.0,True,True,True,True,True,True
abc377c,64188365,GLM-4-9B-Chat,1557078,40960,0.026305682823853396,prefix_40960,True,22,22,1.0,full,False,1,0,0,0.0,-0.1,True,True,True,True,True,True
abc377c,63949262,GLM-4-9B-Chat,482615,40960,0.08487096339732499,prefix_40960,True,31,31,1.0,full,False,0,1,0,-0.1,0.0,True,True,True,True,True,True
abc377c,63949051,GLM-4-9B-Chat,482615,40960,0.08487096339732499,prefix_40960,True,31,31,1.0,full,False,0,0,0,0.0,0.0,True,True,True,True,True,True
abc377c,63948871,GLM-4-9B-Chat,482615,40960,0.08487096339732499,prefix_40960,True,31,31,1.0,full,False,0,0,0,0.0,0.0,True,True,True,True,True,True
abc377f,64672933,GLM-4-9B-Chat,5443,5443,1.0,full,False,10,10,1.0,full,False,0,0,0,0.0,0.0,True,True,True,True,True,True
abc377f,64672896,GLM-4-9B-Chat,5443,5443,1.0,full,False,10,10,1.0,full,False,0,0,0,0.0,0.0,True,True,True,True,True,True
abc377f,59971129,GLM-4-9B-Chat,5443,5443,1.0,full,False,5,5,1.0,full,False,0,0,0,0.0,0.0,True,True,True,True,True,True
abc377f,67095334,GLM-4-9B-Chat,11657,11657,1.0,full,False,31,31,1.0,full,False,0,0,0,0.0,0.0,True,True,True,True,True,True
abc377f,61466538,GLM-4-9B-Chat,5443,5443,1.0,full,False,10,10,1.0,full,False,0,0,0,0.0,0.0,True,True,True,True,True,True
abc377f,61644105,GLM-4-9B-Chat,11657,11657,1.0,full,False,19,19,1.0,full,False,0,0,0,0.0,0.0,True,True,True,True,True,True
abc377f,67095303,GLM-4-9B-Chat,11657,11657,1.0,full,False,31,31,1.0,full,False,0,0,0,0.0,0.0,True,True,True,True,True,True
abc377f,61466557,GLM-4-9B-Chat,5443,5443,1.0,full,False,10,10,1.0,full,False,0,0,0,0.0,0.0,True,True,True,True,True,True
abc377f,61026107,GLM-4-9B-Chat,5443,5443,1.0,full,False,5,5,1.0,full,False,0,0,0,0.0,0.0,True,True,True,True,True,True
abc377f,61634046,GLM-4-9B-Chat,11657,11657,1.0,full,False,19,19,1.0,full,False,0,0,0,0.0,0.0,True,True,True,True,True,True
abc361c,67213592,DeepSeek-V3,6904,6904,1.0,full,False,6903,6903,1.0,full,False,3,5,6,0.1,0.3,True,True,True,True,True,True
abc361c,67186860,DeepSeek-V3,6904,6904,1.0,full,False,6903,6903,1.0,full,False,10,10,10,0.0,0.0,True,True,True,True,True,True
abc361c,67182020,DeepSeek-V3,6904,6904,1.0,full,False,6903,6903,1.0,full,False,10,10,10,0.0,0.0,True,True,True,True,True,True
abc361c,67107765,DeepSeek-V3,6904,6904,1.0,full,False,6903,6903,1.0,full,False,10,10,10,0.0,0.0,True,True,True,True,True,True
abc361c,67095560,DeepSeek-V3,6904,6904,1.0,full,False,6903,6903,1.0,full,False,8,10,10,0.0,0.2,True,True,True,True,True,True
abc361c,67095547,DeepSeek-V3,6904,6904,1.0,full,False,6903,6903,1.0,full,False,10,10,10,0.0,0.0,True,True,True,True,True,True
abc361c,67030359,DeepSeek-V3,6904,6904,1.0,full,False,6903,6903,1.0,full,False,10,10,10,0.0,0.0,True,True,True,True,True,True
abc361c,67026479,DeepSeek-V3,6904,6904,1.0,full,False,23,23,1.0,full,False,6,10,8,-0.2,0.2,True,True,True,True,True,True
abc361c,66894391,DeepSeek-V3,6904,6904,1.0,full,False,6903,6903,1.0,full,False,10,8,9,0.1,-0.1,True,True,True,True,True,True
abc361c,66704499,DeepSeek-V3,6904,6904,1.0,full,False,6903,6903,1.0,full,False,10,10,10,0.0,0.0,True,True,True,True,True,True
abc362d,67088863,DeepSeek-V3,678706,20480,0.03017506843905903,prefix_20480,True,24,24,1.0,full,False,9,6,5,-0.1,-0.4,True,True,True,True,True,True
abc362d,67055151,DeepSeek-V3,3038015,20480,0.006741243871409457,prefix_20480,True,76,76,1.0,full,False,8,10,7,-0.3,-0.1,True,True,True,True,True,True
abc362d,66901805,DeepSeek-V3,3038015,20480,0.006741243871409457,prefix_20480,True,22,22,1.0,full,False,10,10,10,0.0,0.0,True,True,True,True,True,True
abc362d,66901765,DeepSeek-V3,3038015,20480,0.006741243871409457,prefix_20480,True,23,23,1.0,full,False,9,9,9,0.0,0.0,True,True,True,True,True,True
abc362d,66824420,DeepSeek-V3,26198,20480,0.7817390640506909,prefix_20480,True,24,24,1.0,full,False,5,8,8,0.0,0.3,True,True,True,True,True,True
abc362d,66485839,DeepSeek-V3,678706,20480,0.03017506843905903,prefix_20480,True,24,24,1.0,full,False,10,10,10,0.0,0.0,True,True,True,True,True,True
abc362d,66485778,DeepSeek-V3,678706,20480,0.03017506843905903,prefix_20480,True,24,24,1.0,full,False,10,10,10,0.0,0.0,True,True,True,True,True,True
abc362d,66485717,DeepSeek-V3,26198,20480,0.7817390640506909,prefix_20480,True,24,24,1.0,full,False,10,10,10,0.0,0.0,True,True,True,True,True,True
abc362d,66246685,DeepSeek-V3,3038015,20480,0.006741243871409457,prefix_20480,True,75,75,1.0,full,False,10,10,10,0.0,0.0,True,True,True,True,True,True
abc362d,65947516,DeepSeek-V3,678706,20480,0.03017506843905903,prefix_20480,True,24,24,1.0,full,False,10,9,7,-0.2,-0.3,True,True,True,True,True,True
abc363e,67112937,DeepSeek-V3,5885,5885,1.0,full,False,17,17,1.0,full,False,6,5,5,0.0,-0.1,True,True,True,True,True,True
abc363e,67112907,DeepSeek-V3,5885,5885,1.0,full,False,17,17,1.0,full,False,5,9,2,-0.7,-0.3,True,True,True,True,True,True
abc363e,67012798,DeepSeek-V3,6446038,20480,0.003177145403114285,prefix_20480,True,18,18,1.0,full,False,10,7,5,-0.2,-0.5,True,True,True,True,True,True
abc363e,66903504,DeepSeek-V3,5853455,20480,0.0034987883224522954,prefix_20480,True,16,16,1.0,full,False,8,9,7,-0.2,-0.1,True,True,True,True,True,True
abc363e,66903440,DeepSeek-V3,5853455,20480,0.0034987883224522954,prefix_20480,True,16,16,1.0,full,False,3,7,7,0.0,0.4,True,True,True,True,True,True
abc363e,66879782,DeepSeek-V3,5833173,40960,0.007021907287851741,prefix_40960,True,5833173,40960,0.007021907287851741,prefix_40960,True,8,9,7,-0.2,-0.1,True,False,False,True,False,False
abc363e,66867492,DeepSeek-V3,5885,5885,1.0,full,False,17,17,1.0,full,False,9,8,8,0.0,-0.1,True,True,True,True,True,True
abc363e,66698060,DeepSeek-V3,5885,5885,1.0,full,False,17,17,1.0,full,False,7,9,8,-0.1,0.1,True,True,True,True,True,True
abc363e,66451108,DeepSeek-V3,5885,5885,1.0,full,False,17,17,1.0,full,False,5,3,1,-0.2,-0.4,True,True,True,True,True,True
abc363e,66451062,DeepSeek-V3,5885,5885,1.0,full,False,17,17,1.0,full,False,7,6,3,-0.3,-0.4,True,True,True,True,True,True
abc364d,67175419,DeepSeek-V3,682693,20480,0.02999884281807489,prefix_20480,True,224017,20480,0.09142163317962476,prefix_20480,True,7,7,8,0.1,0.1,True,True,True,True,True,True
abc364d,66949397,DeepSeek-V3,682693,20480,0.02999884281807489,prefix_20480,True,29,29,1.0,full,False,10,9,10,0.1,0.0,True,True,True,True,True,True
abc364d,66687736,DeepSeek-V3,682693,20480,0.02999884281807489,prefix_20480,True,29,29,1.0,full,False,7,5,6,0.1,-0.1,True,True,True,True,True,True
abc364d,66684832,DeepSeek-V3,682693,20480,0.02999884281807489,prefix_20480,True,29,29,1.0,full,False,6,5,9,0.4,0.3,True,True,True,True,True,True
abc364d,66684578,DeepSeek-V3,682693,20480,0.02999884281807489,prefix_20480,True,29,29,1.0,full,False,6,7,7,0.0,0.1,True,True,True,True,True,True
abc364d,65154558,DeepSeek-V3,2688994,20480,0.007616231200218372,prefix_20480,True,29,29,1.0,full,False,3,3,5,0.2,0.2,True,True,True,True,True,True
abc364d,65154456,DeepSeek-V3,2688994,20480,0.007616231200218372,prefix_20480,True,29,29,1.0,full,False,2,7,2,-0.5,0.0,True,True,True,True,True,True
abc364d,65154395,DeepSeek-V3,2688994,20480,0.007616231200218372,prefix_20480,True,29,29,1.0,full,False,4,2,0,-0.2,-0.4,True,True,True,True,True,True
abc364d,65154375,DeepSeek-V3,2688994,20480,0.007616231200218372,prefix_20480,True,29,29,1.0,full,False,4,2,2,0.0,-0.2,True,True,True,True,True,True
abc364d,65154236,DeepSeek-V3,2688994,20480,0.007616231200218372,prefix_20480,True,29,29,1.0,full,False,3,4,3,-0.1,0.0,True,True,True,True,True,True
abc365d,67035548,DeepSeek-V3,200008,20480,0.10239590416383344,prefix_20480,True,7,7,1.0,full,False,0,0,0,0.0,0.0,True,True,True,True,True,True
abc365d,67113943,DeepSeek-V3,200008,20480,0.10239590416383344,prefix_20480,True,6,6,1.0,full,False,0,0,0,0.0,0.0,True,True,True,True,True,True
abc365d,67113921,DeepSeek-V3,200008,20480,0.10239590416383344,prefix_20480,True,6,6,1.0,full,False,0,0,0,0.0,0.0,True,True,True,True,True,True
abc365d,67228375,DeepSeek-V3,200008,20480,0.10239590416383344,prefix_20480,True,8,8,1.0,full,False,0,0,0,0.0,0.0,True,True,True,True,True,True
abc365d,67225698,DeepSeek-V3,200008,20480,0.10239590416383344,prefix_20480,True,4,4,1.0,full,False,0,0,0,0.0,0.0,True,False,False,True,False,False
abc365d,66992050,DeepSeek-V3,200008,20480,0.10239590416383344,prefix_20480,True,6,6,1.0,full,False,0,0,0,0.0,0.0,True,True,True,True,True,True
abc365d,66993696,DeepSeek-V3,200008,20480,0.10239590416383344,prefix_20480,True,6,6,1.0,full,False,0,0,0,0.0,0.0,True,True,True,True,True,True
abc365d,67035523,DeepSeek-V3,200008,20480,0.10239590416383344,prefix_20480,True,6,6,1.0,full,False,0,0,0,0.0,0.0,True,True,True,True,True,True
abc365d,67228302,DeepSeek-V3,200008,20480,0.10239590416383344,prefix_20480,True,6,6,1.0,full,False,0,0,0,0.0,0.0,True,True,True,True,True,True
abc365d,67283559,DeepSeek-V3,200008,40960,0.20479180832766689,prefix_40960,True,8,8,1.0,full,False,0,0,0,0.0,0.0,True,True,True,True,True,True
abc366c,67028599,DeepSeek-V3,1088924,20480,0.01880755681755568,prefix_20480,True,31,31,1.0,full,False,10,10,10,0.0,0.0,True,True,True,True,True,True
abc366c,66889857,DeepSeek-V3,1088924,20480,0.01880755681755568,prefix_20480,True,31,31,1.0,full,False,10,10,10,0.0,0.0,True,True,True,True,True,True
abc366c,66889844,DeepSeek-V3,1088924,20480,0.01880755681755568,prefix_20480,True,31,31,1.0,full,False,10,10,10,0.0,0.0,True,True,True,True,True,True
abc366c,66875780,DeepSeek-V3,1088924,20480,0.01880755681755568,prefix_20480,True,31,31,1.0,full,False,10,10,10,0.0,0.0,True,True,True,True,True,True
abc366c,66808962,DeepSeek-V3,1088924,20480,0.01880755681755568,prefix_20480,True,22,22,1.0,full,False,10,10,10,0.0,0.0,True,True,True,True,True,True
abc366c,66658547,DeepSeek-V3,1088924,20480,0.01880755681755568,prefix_20480,True,31,31,1.0,full,False,10,10,10,0.0,0.0,True,True,True,True,True,True
abc366c,66290391,DeepSeek-V3,1088924,20480,0.01880755681755568,prefix_20480,True,31,31,1.0,full,False,10,10,10,0.0,0.0,True,True,True,True,True,True
abc366c,66053042,DeepSeek-V3,1088924,20480,0.01880755681755568,prefix_20480,True,22,22,1.0,full,False,10,10,10,0.0,0.0,True,True,True,True,True,True
abc366c,65549527,DeepSeek-V3,1088924,20480,0.01880755681755568,prefix_20480,True,4,4,1.0,full,False,0,9,2,-0.7,0.2,True,True,True,True,True,True
abc366c,65541312,DeepSeek-V3,1088924,20480,0.01880755681755568,prefix_20480,True,4,4,1.0,full,False,0,9,3,-0.6,0.3,True,True,True,True,True,True
abc367d,67202273,DeepSeek-V3,2199915,20480,0.009309450592409252,prefix_20480,True,2199910,20480,0.009309471751117092,prefix_20480,True,0,0,2,0.2,0.2,True,True,True,True,True,True
abc367d,67193151,DeepSeek-V3,166156,20480,0.12325766147475867,prefix_20480,True,11,20480,1861.8181818181818,not_source_prefix,True,0,0,2,0.2,0.2,True,True,True,True,True,True
abc367d,66154485,DeepSeek-V3,166156,20480,0.12325766147475867,prefix_20480,True,11,40960,3723.6363636363635,not_source_prefix,True,0,0,0,0.0,0.0,True,True,True,True,True,True
abc367d,67193160,DeepSeek-V3,166156,40960,0.24651532294951733,prefix_40960,True,11,20480,1861.8181818181818,not_source_prefix,True,0,0,2,0.2,0.2,True,True,True,True,True,True
abc367d,65761143,DeepSeek-V3,166156,20480,0.12325766147475867,prefix_20480,True,11,11,1.0,full,False,0,0,0,0.0,0.0,True,True,True,True,True,True
abc367d,63618307,DeepSeek-V3,166156,40960,0.24651532294951733,prefix_40960,True,166154,40960,0.24651829026084235,prefix_40960,True,0,0,0,0.0,0.0,True,True,True,True,True,True
abc367d,66250755,DeepSeek-V3,399999,40960,0.10240025600064,prefix_40960,True,11,11,1.0,full,False,0,0,0,0.0,0.0,True,True,True,True,True,True
abc367d,63618182,DeepSeek-V3,166156,40960,0.24651532294951733,prefix_40960,True,11,11,1.0,full,False,0,0,0,0.0,0.0,True,True,True,True,True,True
abc367d,63090199,DeepSeek-V3,166156,40960,0.24651532294951733,prefix_40960,True,11,11,1.0,full,False,0,0,0,0.0,0.0,True,True,True,True,True,True
abc367d,63618273,DeepSeek-V3,166156,40960,0.24651532294951733,prefix_40960,True,11,11,1.0,full,False,0,0,0,0.0,0.0,True,True,True,True,True,True
abc368c,67191225,DeepSeek-V3,1978074,20480,0.010353505480583638,prefix_20480,True,22,22,1.0,full,False,1,4,2,-0.2,0.1,True,True,True,True,True,True
abc368c,67188516,DeepSeek-V3,1978074,20480,0.010353505480583638,prefix_20480,True,22,22,1.0,full,False,4,6,2,-0.4,-0.2,True,True,True,True,True,True
abc368c,67112272,DeepSeek-V3,1978074,20480,0.010353505480583638,prefix_20480,True,22,22,1.0,full,False,3,0,0,0.0,-0.3,True,True,True,True,True,True
abc368c,67109122,DeepSeek-V3,1978074,20480,0.010353505480583638,prefix_20480,True,12,12,1.0,full,False,8,6,5,-0.1,-0.3,True,True,True,True,True,True
abc368c,67109097,DeepSeek-V3,1978074,20480,0.010353505480583638,prefix_20480,True,12,12,1.0,full,False,3,4,2,-0.2,-0.1,True,True,True,True,True,True
abc368c,67108987,DeepSeek-V3,1978074,20480,0.010353505480583638,prefix_20480,True,22,22,1.0,full,False,3,3,6,0.3,0.3,True,True,True,True,True,True
abc368c,67014332,DeepSeek-V3,1978074,20480,0.010353505480583638,prefix_20480,True,21,21,1.0,full,False,4,6,6,0.0,0.2,True,True,True,True,True,True
abc368c,66662246,DeepSeek-V3,1978074,20480,0.010353505480583638,prefix_20480,True,12,12,1.0,full,False,4,5,6,0.1,0.2,True,True,True,True,True,True
abc368c,66662226,DeepSeek-V3,1978074,20480,0.010353505480583638,prefix_20480,True,12,12,1.0,full,False,2,2,6,0.4,0.4,True,True,True,True,True,True
abc368c,66495377,DeepSeek-V3,1978074,20480,0.010353505480583638,prefix_20480,True,12,12,1.0,full,False,1,3,2,-0.1,0.1,True,True,True,True,True,True
abc369d,66452865,DeepSeek-V3,1300007,20480,0.01575376132590055,prefix_20480,True,26,26,1.0,full,False,2,0,0,0.0,-0.2,True,True,True,True,True,True
abc369d,66698094,DeepSeek-V3,1300007,20480,0.01575376132590055,prefix_20480,True,26,26,1.0,full,False,0,0,0,0.0,0.0,True,True,True,True,True,True
abc369d,66381795,DeepSeek-V3,1600013,20480,0.012799896000844992,prefix_20480,True,37,37,1.0,full,False,0,0,0,0.0,0.0,True,True,True,True,True,True
abc369d,66601916,DeepSeek-V3,1300007,40960,0.0315075226518011,prefix_40960,True,13,13,1.0,full,False,6,0,0,0.0,-0.6,True,True,True,True,True,True
abc369d,66602018,DeepSeek-V3,1300007,20480,0.01575376132590055,prefix_20480,True,13,13,1.0,full,False,2,0,1,0.1,-0.1,True,True,True,True,True,True
abc369d,67111720,DeepSeek-V3,1300007,40960,0.0315075226518011,prefix_40960,True,13,13,1.0,full,False,1,0,0,0.0,-0.1,True,True,True,True,True,True
abc369d,66290467,DeepSeek-V3,1300007,40960,0.0315075226518011,prefix_40960,True,19,19,1.0,full,False,0,0,0,0.0,0.0,True,True,True,True,True,True
abc369d,66291076,DeepSeek-V3,1300007,40960,0.0315075226518011,prefix_40960,True,37,37,1.0,full,False,0,0,0,0.0,0.0,True,True,True,True,True,True
abc369d,67240077,DeepSeek-V3,1600013,40960,0.025599792001689985,prefix_40960,True,37,37,1.0,full,False,0,0,0,0.0,0.0,True,True,True,True,True,True
abc369d,67265264,DeepSeek-V3,1300007,40960,0.0315075226518011,prefix_40960,True,13,13,1.0,full,False,0,0,0,0.0,0.0,True,True,True,True,True,True
abc370d,67044691,DeepSeek-V3,1567915,20480,0.013061932566497547,prefix_20480,True,14,14,1.0,full,False,10,10,10,0.0,0.0,True,True,True,True,True,True
abc370d,66200722,DeepSeek-V3,1567915,20480,0.013061932566497547,prefix_20480,True,26,26,1.0,full,False,1,0,2,0.2,0.1,True,True,True,True,True,True
abc370d,65578854,DeepSeek-V3,1567915,20480,0.013061932566497547,prefix_20480,True,14,14,1.0,full,False,9,10,9,-0.1,0.0,True,True,True,True,True,True
abc370d,65527153,DeepSeek-V3,1567915,20480,0.013061932566497547,prefix_20480,True,14,14,1.0,full,False,9,10,10,0.0,0.1,True,True,True,True,True,True
abc370d,65496614,DeepSeek-V3,1567915,20480,0.013061932566497547,prefix_20480,True,10,10,1.0,full,False,10,8,10,0.2,0.0,True,False,False,True,True,True
abc370d,65350419,DeepSeek-V3,1567915,40960,0.026123865132995094,prefix_40960,True,1567915,40960,0.026123865132995094,prefix_40960,True,10,10,10,0.0,0.0,True,True,True,True,True,True
abc370d,65350386,DeepSeek-V3,1567915,40960,0.026123865132995094,prefix_40960,True,1567915,40960,0.026123865132995094,prefix_40960,True,10,10,10,0.0,0.0,True,True,True,True,True,True
abc370d,65350266,DeepSeek-V3,1567915,20480,0.013061932566497547,prefix_20480,True,14,14,1.0,full,False,10,10,10,0.0,0.0,True,True,True,True,True,True
abc370d,67283761,DeepSeek-V3,1567915,40960,0.026123865132995094,prefix_40960,True,22,22,1.0,full,False,3,3,4,0.1,0.1,True,True,True,True,True,True
abc370d,65350192,DeepSeek-V3,1567915,40960,0.026123865132995094,prefix_40960,True,14,14,1.0,full,False,10,10,10,0.0,0.0,True,True,True,True,True,True
abc371d,66997913,DeepSeek-V3,8211979,20480,0.002493917726774508,prefix_20480,True,84,84,1.0,full,False,9,10,10,0.0,0.1,True,True,True,True,True,True
abc371d,66610768,DeepSeek-V3,8211979,20480,0.002493917726774508,prefix_20480,True,84,84,1.0,full,False,0,9,10,0.1,1.0,True,True,True,True,True,True
abc371d,66993984,DeepSeek-V3,8211979,20480,0.002493917726774508,prefix_20480,True,84,84,1.0,full,False,2,10,10,0.0,0.8,True,True,True,True,True,True
abc371d,66849824,DeepSeek-V3,8211979,20480,0.002493917726774508,prefix_20480,True,84,84,1.0,full,False,8,9,8,-0.1,0.0,True,True,True,True,True,True
abc371d,66994557,DeepSeek-V3,8211979,20480,0.002493917726774508,prefix_20480,True,84,84,1.0,full,False,7,10,10,0.0,0.3,True,True,True,True,True,True
abc371d,66994628,DeepSeek-V3,8211979,20480,0.002493917726774508,prefix_20480,True,84,84,1.0,full,False,8,10,10,0.0,0.2,True,True,True,True,True,True
abc371d,66610631,DeepSeek-V3,8211979,20480,0.002493917726774508,prefix_20480,True,84,84,1.0,full,False,0,7,6,-0.1,0.6,True,True,True,True,True,True
abc371d,66715307,DeepSeek-V3,8211979,20480,0.002493917726774508,prefix_20480,True,43,43,1.0,full,False,1,10,0,-1.0,-0.1,True,True,True,True,True,True
abc371d,66849751,DeepSeek-V3,8211979,20480,0.002493917726774508,prefix_20480,True,84,84,1.0,full,False,0,7,2,-0.5,0.2,True,True,True,True,True,True
abc371d,66850066,DeepSeek-V3,8211979,20480,0.002493917726774508,prefix_20480,True,84,84,1.0,full,False,7,10,9,-0.1,0.2,True,True,True,True,True,True
abc372e,65729583,DeepSeek-V3,1144843,40960,0.03577783154546082,prefix_40960,True,1144843,40960,0.03577783154546082,prefix_40960,True,8,5,9,0.4,0.1,True,True,True,True,True,True
abc372e,65229511,DeepSeek-V3,18610,18610,1.0,full,False,52,52,1.0,full,False,7,6,9,0.3,0.2,True,True,True,True,True,True
abc372e,65229436,DeepSeek-V3,18610,18610,1.0,full,False,52,52,1.0,full,False,5,7,8,0.1,0.3,True,True,True,True,True,True
abc372e,63234684,DeepSeek-V3,18610,18610,1.0,full,False,18610,18610,1.0,full,False,8,7,3,-0.4,-0.5,True,True,True,True,True,True
abc372e,62871448,DeepSeek-V3,18610,18610,1.0,full,False,18610,18610,1.0,full,False,10,8,8,0.0,-0.2,True,True,True,True,True,True
abc372e,62870440,DeepSeek-V3,18610,18610,1.0,full,False,18610,18610,1.0,full,False,9,7,7,0.0,-0.2,True,True,True,True,True,True
abc372e,62869832,DeepSeek-V3,18610,18610,1.0,full,False,18610,18610,1.0,full,False,10,6,10,0.4,0.0,True,True,True,True,True,True
abc372e,62869553,DeepSeek-V3,18610,18610,1.0,full,False,18610,18610,1.0,full,False,9,9,9,0.0,0.0,True,True,True,True,True,True
abc372e,63594564,DeepSeek-V3,2456068,40960,0.016677062687189444,prefix_40960,True,93,93,1.0,full,False,10,10,10,0.0,0.0,True,True,True,True,True,True
abc372e,63594225,DeepSeek-V3,2456068,40960,0.016677062687189444,prefix_40960,True,93,93,1.0,full,False,10,7,10,0.3,0.0,True,True,True,True,True,True
abc373e,67236729,DeepSeek-V3,896214,20480,0.022851684977025576,prefix_20480,True,28,28,1.0,full,False,0,0,0,0.0,0.0,True,True,True,True,False,False
abc373e,67229036,DeepSeek-V3,1555770,20480,0.013163899548133722,prefix_20480,True,30,30,1.0,full,False,0,0,0,0.0,0.0,True,True,True,True,False,False
abc373e,67100851,DeepSeek-V3,1555770,20480,0.013163899548133722,prefix_20480,True,30,30,1.0,full,False,0,0,0,0.0,0.0,True,True,True,True,False,False
abc373e,67066262,DeepSeek-V3,1555770,20480,0.013163899548133722,prefix_20480,True,30,30,1.0,full,False,0,0,0,0.0,0.0,True,True,True,True,False,False
abc373e,67066226,DeepSeek-V3,1555770,20480,0.013163899548133722,prefix_20480,True,30,30,1.0,full,False,0,0,0,0.0,0.0,True,True,True,True,False,False
abc373e,67066043,DeepSeek-V3,1555770,20480,0.013163899548133722,prefix_20480,True,30,30,1.0,full,False,0,0,0,0.0,0.0,True,True,True,True,False,False
abc373e,67065995,DeepSeek-V3,1555770,20480,0.013163899548133722,prefix_20480,True,30,30,1.0,full,False,0,0,0,0.0,0.0,True,True,True,True,False,False
abc373e,67059080,DeepSeek-V3,1517326,20480,0.013497429029753658,prefix_20480,True,27,27,1.0,full,False,0,0,0,0.0,0.0,True,True,True,True,True,True
abc373e,67058914,DeepSeek-V3,1517326,20480,0.013497429029753658,prefix_20480,True,27,27,1.0,full,False,0,0,0,0.0,0.0,True,True,True,True,True,True
abc373e,66836397,DeepSeek-V3,1555770,20480,0.013163899548133722,prefix_20480,True,30,30,1.0,full,False,0,0,0,0.0,0.0,True,True,True,True,False,False
abc374e,67093981,DeepSeek-V3,1213,1213,1.0,full,False,1206,1206,1.0,full,False,0,0,0,0.0,0.0,True,True,True,True,True,True
abc374e,67041262,DeepSeek-V3,1371,1371,1.0,full,False,1364,1364,1.0,full,False,2,0,0,0.0,-0.2,True,True,True,True,True,True
abc374e,67041400,DeepSeek-V3,1513,1513,1.0,full,False,1506,1506,1.0,full,False,0,0,0,0.0,0.0,True,True,True,True,True,True
abc374e,67213607,DeepSeek-V3,1513,1513,1.0,full,False,1506,1506,1.0,full,False,0,0,1,0.1,0.1,True,True,True,True,True,True
abc374e,67243557,DeepSeek-V3,1513,1513,1.0,full,False,1506,1506,1.0,full,False,0,0,0,0.0,0.0,True,True,True,True,True,True
abc374e,66609580,DeepSeek-V3,1371,1371,1.0,full,False,1364,1364,1.0,full,False,0,0,0,0.0,0.0,True,True,True,True,True,True
abc374e,66708613,DeepSeek-V3,2413,2413,1.0,full,False,28,28,1.0,full,False,1,0,2,0.2,0.1,True,True,True,True,True,True
abc374e,67028820,DeepSeek-V3,1371,1371,1.0,full,False,1364,1364,1.0,full,False,0,0,0,0.0,0.0,True,True,True,True,True,True
abc374e,66726283,DeepSeek-V3,1213,1213,1.0,full,False,1206,1206,1.0,full,False,0,0,0,0.0,0.0,True,True,True,True,False,False
abc374e,67096409,DeepSeek-V3,1513,1513,1.0,full,False,1506,1506,1.0,full,False,0,0,0,0.0,0.0,True,True,True,True,True,True
abc375c,67172723,DeepSeek-V3,1028292,20480,0.019916521766190926,prefix_20480,True,7,7,1.0,full,False,0,0,1,0.1,0.1,True,True,True,True,True,True
abc375c,67163740,DeepSeek-V3,1028292,20480,0.019916521766190926,prefix_20480,True,7,7,1.0,full,False,0,0,0,0.0,0.0,True,True,True,True,True,True
abc375c,67061482,DeepSeek-V3,1028292,20480,0.019916521766190926,prefix_20480,True,7,7,1.0,full,False,0,0,0,0.0,0.0,True,True,True,True,True,True
abc375c,66923608,DeepSeek-V3,1028292,20480,0.019916521766190926,prefix_20480,True,7,7,1.0,full,False,0,0,0,0.0,0.0,True,True,True,True,True,True
abc375c,66863024,DeepSeek-V3,1028292,20480,0.019916521766190926,prefix_20480,True,7,7,1.0,full,False,0,0,0,0.0,0.0,True,True,True,True,True,True
abc375c,66862645,DeepSeek-V3,1028292,20480,0.019916521766190926,prefix_20480,True,7,7,1.0,full,False,0,0,0,0.0,0.0,True,True,True,True,True,True
abc375c,66862484,DeepSeek-V3,1028292,30720,0.02987478264928639,prefix_20480,True,7,7,1.0,full,False,0,0,0,0.0,0.0,True,True,True,True,True,True
abc375c,66862442,DeepSeek-V3,1028292,20480,0.019916521766190926,prefix_20480,True,7,7,1.0,full,False,0,0,0,0.0,0.0,True,True,True,True,True,True
abc375c,66862386,DeepSeek-V3,1028292,20480,0.019916521766190926,prefix_20480,True,7,7,1.0,full,False,0,0,0,0.0,0.0,True,True,True,True,True,True
abc375c,66824352,DeepSeek-V3,4155592,20480,0.004928299024543314,prefix_20480,True,23,23,1.0,full,False,0,0,0,0.0,0.0,True,True,True,True,True,True
abc376c,65060332,DeepSeek-V3,3955096,40960,0.010356259367661366,prefix_40960,True,17,17,1.0,full,False,2,2,6,0.4,0.4,True,True,True,True,True,True
abc376c,65060141,DeepSeek-V3,3955096,40960,0.010356259367661366,prefix_40960,True,17,17,1.0,full,False,9,4,5,0.1,-0.4,True,True,True,True,True,True
abc376c,64980246,DeepSeek-V3,3955096,40960,0.010356259367661366,prefix_40960,True,17,17,1.0,full,False,8,9,8,-0.1,0.0,True,True,True,True,True,True
abc376c,64977242,DeepSeek-V3,3955096,40960,0.010356259367661366,prefix_40960,True,17,17,1.0,full,False,2,0,0,0.0,-0.2,True,True,True,True,True,True
abc376c,64962645,DeepSeek-V3,1528091,40960,0.02680468637011801,prefix_40960,True,25,25,1.0,full,False,5,7,5,-0.2,0.0,True,True,True,True,True,True
abc376c,64962053,DeepSeek-V3,3955621,40960,0.010354884858787028,prefix_40960,True,294696,20480,0.0694953443548606,prefix_20480,True,3,1,1,0.0,-0.2,True,True,True,True,True,True
abc376c,64955978,DeepSeek-V3,3955621,40960,0.010354884858787028,prefix_40960,True,294696,20480,0.0694953443548606,prefix_20480,True,8,6,4,-0.2,-0.4,True,True,True,True,True,True
abc376c,64955966,DeepSeek-V3,3955621,40960,0.010354884858787028,prefix_40960,True,294696,20480,0.0694953443548606,prefix_20480,True,7,5,6,0.1,-0.1,True,True,True,True,True,True
abc376c,64955961,DeepSeek-V3,3955096,40960,0.010356259367661366,prefix_40960,True,620,620,1.0,full,False,6,1,3,0.2,-0.3,True,True,True,True,True,True
abc376c,64955954,DeepSeek-V3,3955621,40960,0.010354884858787028,prefix_40960,True,294696,20480,0.0694953443548606,prefix_20480,True,5,0,3,0.3,-0.2,True,True,True,True,True,True
abc376e,67092162,DeepSeek-V3,2416933,20480,0.008473548915091979,prefix_20480,True,17,17,1.0,full,False,6,5,2,-0.3,-0.4,True,True,True,True,True,True
abc376e,67027803,DeepSeek-V3,2016905,20480,0.010154171862333625,prefix_20480,True,26,26,1.0,full,False,9,9,10,0.1,0.1,True,True,True,True,True,True
abc376e,66915962,DeepSeek-V3,1816674,20480,0.01127334898831601,prefix_20480,True,25,25,1.0,full,False,2,4,8,0.4,0.6,True,True,True,True,True,True
abc376e,66495343,DeepSeek-V3,2416933,20480,0.008473548915091979,prefix_20480,True,17,17,1.0,full,False,2,4,0,-0.4,-0.2,True,True,True,True,True,True
abc376e,66075558,DeepSeek-V3,2416933,40960,0.016947097830183958,prefix_40960,True,10,10,1.0,full,False,3,4,8,0.4,0.5,True,True,True,True,True,True
abc376e,66075483,DeepSeek-V3,2416933,40960,0.016947097830183958,prefix_40960,True,10,10,1.0,full,False,1,5,2,-0.3,0.1,True,True,True,True,True,True
abc376e,66075325,DeepSeek-V3,2416933,40960,0.016947097830183958,prefix_40960,True,10,10,1.0,full,False,4,2,5,0.3,0.1,True,True,True,True,True,True
abc376e,66074967,DeepSeek-V3,2416933,40960,0.016947097830183958,prefix_40960,True,10,10,1.0,full,False,6,3,5,0.2,-0.1,True,True,True,True,True,True
abc376e,65936878,DeepSeek-V3,2016905,40960,0.02030834372466725,prefix_40960,True,26,26,1.0,full,False,8,6,4,-0.2,-0.4,True,True,True,True,True,True
abc376e,65710653,DeepSeek-V3,1816674,40960,0.02254669797663202,prefix_40960,True,25,25,1.0,full,False,8,5,7,0.2,-0.1,True,True,True,True,True,True
abc376d,67251105,DeepSeek-V3,2577853,40960,0.015889191509368454,prefix_40960,True,2577853,40960,0.015889191509368454,prefix_40960,True,9,7,8,0.1,-0.1,True,True,True,True,True,True
abc376d,67091871,DeepSeek-V3,1729652,40960,0.02368106416782104,prefix_40960,True,36,36,1.0,full,False,9,8,9,0.1,0.0,True,True,True,True,True,True
abc376d,67073362,DeepSeek-V3,1729652,40960,0.02368106416782104,prefix_40960,True,36,36,1.0,full,False,10,9,10,0.1,0.0,True,True,True,True,True,True
abc376d,66684636,DeepSeek-V3,1729652,40960,0.02368106416782104,prefix_40960,True,36,36,1.0,full,False,7,6,8,0.2,0.1,True,True,True,True,True,True
abc376d,66676091,DeepSeek-V3,1729652,40960,0.02368106416782104,prefix_40960,True,36,36,1.0,full,False,10,10,10,0.0,0.0,True,True,True,True,True,True
abc376d,66669463,DeepSeek-V3,1729652,40960,0.02368106416782104,prefix_40960,True,45,45,1.0,full,False,7,8,9,0.1,0.2,True,True,True,True,True,True
abc376d,66500367,DeepSeek-V3,1729652,40960,0.02368106416782104,prefix_40960,True,16,16,1.0,full,False,0,0,0,0.0,0.0,True,True,True,True,True,True
abc376d,66485044,DeepSeek-V3,1729652,40960,0.02368106416782104,prefix_40960,True,36,36,1.0,full,False,10,10,8,-0.2,-0.2,True,True,True,True,True,True
abc376d,66484903,DeepSeek-V3,1729652,40960,0.02368106416782104,prefix_40960,True,36,36,1.0,full,False,10,9,8,-0.1,-0.2,True,True,True,True,True,True
abc376d,66443013,DeepSeek-V3,1729652,40960,0.02368106416782104,prefix_40960,True,36,36,1.0,full,False,6,8,10,0.2,0.4,True,True,True,True,True,True
abc377c,64880220,DeepSeek-V3,1503973,40960,0.027234531470977204,prefix_40960,True,13,13,1.0,full,False,9,8,9,0.1,0.0,True,True,True,True,True,True
abc377c,64868673,DeepSeek-V3,1503973,40960,0.027234531470977204,prefix_40960,True,13,13,1.0,full,False,10,7,9,0.2,-0.1,True,True,True,True,True,True
abc377c,64698971,DeepSeek-V3,482615,40960,0.08487096339732499,prefix_40960,True,31,31,1.0,full,False,4,5,4,-0.1,0.0,True,True,True,True,True,True
abc377c,64698368,DeepSeek-V3,482615,40960,0.08487096339732499,prefix_40960,True,31,31,1.0,full,False,5,5,4,-0.1,-0.1,True,True,True,True,True,True
abc377c,64493881,DeepSeek-V3,1557078,40960,0.026305682823853396,prefix_40960,True,14,14,1.0,full,False,9,9,10,0.1,0.1,True,True,True,True,True,True
abc377c,64493735,DeepSeek-V3,1557078,40960,0.026305682823853396,prefix_40960,True,14,14,1.0,full,False,10,7,10,0.3,0.0,True,True,True,True,True,True
abc377c,64188365,DeepSeek-V3,1557078,40960,0.026305682823853396,prefix_40960,True,22,22,1.0,full,False,8,6,8,0.2,0.0,True,True,True,True,True,True
abc377c,63949262,DeepSeek-V3,482615,40960,0.08487096339732499,prefix_40960,True,31,31,1.0,full,False,10,10,9,-0.1,-0.1,True,True,True,True,True,True
abc377c,63949051,DeepSeek-V3,482615,40960,0.08487096339732499,prefix_40960,True,31,31,1.0,full,False,10,9,8,-0.1,-0.2,True,True,True,True,True,True
abc377c,63948871,DeepSeek-V3,482615,40960,0.08487096339732499,prefix_40960,True,31,31,1.0,full,False,9,9,10,0.1,0.1,True,True,True,True,True,True
abc377f,64672933,DeepSeek-V3,5443,5443,1.0,full,False,10,10,1.0,full,False,0,0,0,0.0,0.0,True,True,True,True,True,True
abc377f,64672896,DeepSeek-V3,5443,5443,1.0,full,False,10,10,1.0,full,False,0,0,0,0.0,0.0,True,True,True,True,True,True
abc377f,59971129,DeepSeek-V3,5443,5443,1.0,full,False,5,5,1.0,full,False,0,0,1,0.1,0.1,True,True,True,True,True,True
abc377f,67095334,DeepSeek-V3,11657,11657,1.0,full,False,31,31,1.0,full,False,0,0,0,0.0,0.0,True,True,True,True,True,True
abc377f,61466538,DeepSeek-V3,5443,5443,1.0,full,False,10,10,1.0,full,False,0,0,0,0.0,0.0,True,True,True,True,True,True
abc377f,61644105,DeepSeek-V3,11657,11657,1.0,full,False,19,19,1.0,full,False,1,1,0,-0.1,-0.1,True,True,True,True,True,True
abc377f,67095303,DeepSeek-V3,11657,11657,1.0,full,False,31,31,1.0,full,False,0,0,1,0.1,0.1,True,True,True,True,True,True
abc377f,61466557,DeepSeek-V3,5443,5443,1.0,full,False,10,10,1.0,full,False,0,0,0,0.0,0.0,True,True,True,True,True,True
abc377f,61026107,DeepSeek-V3,5443,5443,1.0,full,False,5,5,1.0,full,False,1,0,0,0.0,-0.1,True,True,True,True,True,True
abc377f,61634046,DeepSeek-V3,11657,11657,1.0,full,False,19,19,1.0,full,False,2,0,3,0.3,0.1,True,True,True,True,True,True
abc361c,67213592,Qwen2.5-Plus,6904,6904,1.0,full,False,6903,6903,1.0,full,False,1,3,2,-0.1,0.1,True,True,True,True,True,True
abc361c,67186860,Qwen2.5-Plus,6904,6904,1.0,full,False,6903,6903,1.0,full,False,2,2,2,0.0,0.0,True,True,True,True,True,True
abc361c,67182020,Qwen2.5-Plus,6904,6904,1.0,full,False,6903,6903,1.0,full,False,0,5,1,-0.4,0.1,True,True,True,True,True,True
abc361c,67107765,Qwen2.5-Plus,6904,6904,1.0,full,False,6903,6903,1.0,full,False,0,1,1,0.0,0.1,True,True,True,True,True,True
abc361c,67095560,Qwen2.5-Plus,6904,6904,1.0,full,False,6903,6903,1.0,full,False,4,4,3,-0.1,-0.1,True,True,True,True,True,True
abc361c,67095547,Qwen2.5-Plus,6904,6904,1.0,full,False,6903,6903,1.0,full,False,1,3,2,-0.1,0.1,True,True,True,True,True,True
abc361c,67030359,Qwen2.5-Plus,6904,6904,1.0,full,False,6903,6903,1.0,full,False,1,3,1,-0.2,0.0,True,True,True,True,True,True
abc361c,67026479,Qwen2.5-Plus,6904,6904,1.0,full,False,23,23,1.0,full,False,2,0,8,0.8,0.6,True,True,True,True,True,True
abc361c,66894391,Qwen2.5-Plus,6904,6904,1.0,full,False,6903,6903,1.0,full,False,1,1,1,0.0,0.0,True,True,True,True,True,True
abc361c,66704499,Qwen2.5-Plus,6904,6904,1.0,full,False,6903,6903,1.0,full,False,2,2,4,0.2,0.2,True,True,True,True,True,True
abc362d,67088863,Qwen2.5-Plus,678706,20480,0.03017506843905903,prefix_20480,True,24,24,1.0,full,False,9,7,8,0.1,-0.1,True,True,True,True,True,True
abc362d,67055151,Qwen2.5-Plus,3038015,20480,0.006741243871409457,prefix_20480,True,76,76,1.0,full,False,10,10,10,0.0,0.0,True,True,True,True,True,True
abc362d,66901805,Qwen2.5-Plus,3038015,20480,0.006741243871409457,prefix_20480,True,22,22,1.0,full,False,8,5,8,0.3,0.0,True,True,True,True,True,True
abc362d,66901765,Qwen2.5-Plus,3038015,20480,0.006741243871409457,prefix_20480,True,23,23,1.0,full,False,8,7,9,0.2,0.1,True,True,True,True,True,True
abc362d,66824420,Qwen2.5-Plus,26198,20480,0.7817390640506909,prefix_20480,True,24,24,1.0,full,False,7,7,9,0.2,0.2,True,True,True,True,True,True
abc362d,66485839,Qwen2.5-Plus,678706,20480,0.03017506843905903,prefix_20480,True,24,24,1.0,full,False,10,10,10,0.0,0.0,True,True,True,True,True,True
abc362d,66485778,Qwen2.5-Plus,678706,20480,0.03017506843905903,prefix_20480,True,24,24,1.0,full,False,10,9,10,0.1,0.0,True,True,True,True,True,True
abc362d,66485717,Qwen2.5-Plus,26198,20480,0.7817390640506909,prefix_20480,True,24,24,1.0,full,False,10,10,10,0.0,0.0,True,True,True,True,True,True
abc362d,66246685,Qwen2.5-Plus,3038015,20480,0.006741243871409457,prefix_20480,True,75,75,1.0,full,False,10,10,10,0.0,0.0,True,True,True,True,True,True
abc362d,65947516,Qwen2.5-Plus,678706,20480,0.03017506843905903,prefix_20480,True,24,24,1.0,full,False,8,3,8,0.5,0.0,True,True,True,True,True,True
abc363e,67112937,Qwen2.5-Plus,5885,5885,1.0,full,False,17,17,1.0,full,False,0,2,1,-0.1,0.1,True,True,True,True,True,True
abc363e,67112907,Qwen2.5-Plus,5885,5885,1.0,full,False,17,17,1.0,full,False,1,4,1,-0.3,0.0,True,True,True,True,True,True
abc363e,67012798,Qwen2.5-Plus,6446038,20480,0.003177145403114285,prefix_20480,True,18,18,1.0,full,False,2,2,3,0.1,0.1,True,True,True,True,True,True
abc363e,66903504,Qwen2.5-Plus,5853455,20480,0.0034987883224522954,prefix_20480,True,16,16,1.0,full,False,1,0,0,0.0,-0.1,True,True,True,True,True,True
abc363e,66903440,Qwen2.5-Plus,5853455,20480,0.0034987883224522954,prefix_20480,True,16,16,1.0,full,False,1,0,2,0.2,0.1,True,True,True,True,True,True
abc363e,66879782,Qwen2.5-Plus,5833173,40960,0.007021907287851741,prefix_40960,True,5833173,40960,0.007021907287851741,prefix_40960,True,7,0,2,0.2,-0.5,True,False,False,True,False,False
abc363e,66867492,Qwen2.5-Plus,5885,5885,1.0,full,False,17,17,1.0,full,False,1,2,5,0.3,0.4,True,True,True,True,True,True
abc363e,66698060,Qwen2.5-Plus,5885,5885,1.0,full,False,17,17,1.0,full,False,0,3,2,-0.1,0.2,True,True,True,True,True,True
abc363e,66451108,Qwen2.5-Plus,5885,5885,1.0,full,False,17,17,1.0,full,False,0,2,1,-0.1,0.1,True,True,True,True,True,True
abc363e,66451062,Qwen2.5-Plus,5885,5885,1.0,full,False,17,17,1.0,full,False,0,1,3,0.2,0.3,True,True,True,True,True,True
abc364d,67175419,Qwen2.5-Plus,682693,20480,0.02999884281807489,prefix_20480,True,224017,20480,0.09142163317962476,prefix_20480,True,9,6,4,-0.2,-0.5,True,True,True,True,True,True
abc364d,66949397,Qwen2.5-Plus,682693,20480,0.02999884281807489,prefix_20480,True,29,29,1.0,full,False,10,10,5,-0.5,-0.5,True,True,True,True,True,True
abc364d,66687736,Qwen2.5-Plus,682693,20480,0.02999884281807489,prefix_20480,True,29,29,1.0,full,False,7,5,6,0.1,-0.1,True,True,True,True,True,True
abc364d,66684832,Qwen2.5-Plus,682693,20480,0.02999884281807489,prefix_20480,True,29,29,1.0,full,False,6,7,7,0.0,0.1,True,True,True,True,True,True
abc364d,66684578,Qwen2.5-Plus,682693,20480,0.02999884281807489,prefix_20480,True,29,29,1.0,full,False,7,7,7,0.0,0.0,True,True,True,True,True,True
abc364d,65154558,Qwen2.5-Plus,2688994,20480,0.007616231200218372,prefix_20480,True,29,29,1.0,full,False,9,8,6,-0.2,-0.3,True,True,True,True,True,True
abc364d,65154456,Qwen2.5-Plus,2688994,20480,0.007616231200218372,prefix_20480,True,29,29,1.0,full,False,5,4,5,0.1,0.0,True,True,True,True,True,True
abc364d,65154395,Qwen2.5-Plus,2688994,20480,0.007616231200218372,prefix_20480,True,29,29,1.0,full,False,7,6,10,0.4,0.3,True,True,True,True,True,True
abc364d,65154375,Qwen2.5-Plus,2688994,20480,0.007616231200218372,prefix_20480,True,29,29,1.0,full,False,8,3,7,0.4,-0.1,True,True,True,True,True,True
abc364d,65154236,Qwen2.5-Plus,2688994,20480,0.007616231200218372,prefix_20480,True,29,29,1.0,full,False,8,4,7,0.3,-0.1,True,True,True,True,True,True
abc365d,67035548,Qwen2.5-Plus,200008,20480,0.10239590416383344,prefix_20480,True,7,7,1.0,full,False,0,0,0,0.0,0.0,True,True,True,True,True,True
abc365d,67113943,Qwen2.5-Plus,200008,20480,0.10239590416383344,prefix_20480,True,6,6,1.0,full,False,0,0,0,0.0,0.0,True,True,True,True,True,True
abc365d,67113921,Qwen2.5-Plus,200008,20480,0.10239590416383344,prefix_20480,True,6,6,1.0,full,False,0,0,0,0.0,0.0,True,True,True,True,True,True
abc365d,67228375,Qwen2.5-Plus,200008,20480,0.10239590416383344,prefix_20480,True,8,8,1.0,full,False,0,0,0,0.0,0.0,True,True,True,True,True,True
abc365d,67225698,Qwen2.5-Plus,200008,20480,0.10239590416383344,prefix_20480,True,4,4,1.0,full,False,0,0,0,0.0,0.0,True,False,False,True,False,False
abc365d,66992050,Qwen2.5-Plus,200008,20480,0.10239590416383344,prefix_20480,True,6,6,1.0,full,False,0,0,0,0.0,0.0,True,True,True,True,True,True
abc365d,66993696,Qwen2.5-Plus,200008,20480,0.10239590416383344,prefix_20480,True,6,6,1.0,full,False,0,0,0,0.0,0.0,True,True,True,True,True,True
abc365d,67035523,Qwen2.5-Plus,200008,20480,0.10239590416383344,prefix_20480,True,6,6,1.0,full,False,0,0,0,0.0,0.0,True,True,True,True,True,True
abc365d,67228302,Qwen2.5-Plus,200008,20480,0.10239590416383344,prefix_20480,True,6,6,1.0,full,False,0,0,0,0.0,0.0,True,True,True,True,True,True
abc365d,67283559,Qwen2.5-Plus,200008,40960,0.20479180832766689,prefix_40960,True,8,8,1.0,full,False,0,0,0,0.0,0.0,True,True,True,True,True,True
abc366c,67028599,Qwen2.5-Plus,1088924,20480,0.01880755681755568,prefix_20480,True,31,31,1.0,full,False,10,10,10,0.0,0.0,True,True,True,True,True,True
abc366c,66889857,Qwen2.5-Plus,1088924,20480,0.01880755681755568,prefix_20480,True,31,31,1.0,full,False,6,10,9,-0.1,0.3,True,True,True,True,True,True
abc366c,66889844,Qwen2.5-Plus,1088924,20480,0.01880755681755568,prefix_20480,True,31,31,1.0,full,False,8,10,9,-0.1,0.1,True,True,True,True,True,True
abc366c,66875780,Qwen2.5-Plus,1088924,20480,0.01880755681755568,prefix_20480,True,31,31,1.0,full,False,10,10,10,0.0,0.0,True,True,True,True,True,True
abc366c,66808962,Qwen2.5-Plus,1088924,20480,0.01880755681755568,prefix_20480,True,22,22,1.0,full,False,10,10,10,0.0,0.0,True,True,True,True,True,True
abc366c,66658547,Qwen2.5-Plus,1088924,20480,0.01880755681755568,prefix_20480,True,31,31,1.0,full,False,10,10,10,0.0,0.0,True,True,True,True,True,True
abc366c,66290391,Qwen2.5-Plus,1088924,20480,0.01880755681755568,prefix_20480,True,31,31,1.0,full,False,10,10,10,0.0,0.0,True,True,True,True,True,True
abc366c,66053042,Qwen2.5-Plus,1088924,20480,0.01880755681755568,prefix_20480,True,22,22,1.0,full,False,6,10,10,0.0,0.4,True,True,True,True,True,True
abc366c,65549527,Qwen2.5-Plus,1088924,20480,0.01880755681755568,prefix_20480,True,4,4,1.0,full,False,0,1,0,-0.1,0.0,True,True,True,True,True,True
abc366c,65541312,Qwen2.5-Plus,1088924,20480,0.01880755681755568,prefix_20480,True,4,4,1.0,full,False,0,0,0,0.0,0.0,True,True,True,True,True,True
abc367d,67202273,Qwen2.5-Plus,2199915,20480,0.009309450592409252,prefix_20480,True,2199910,20480,0.009309471751117092,prefix_20480,True,0,0,2,0.2,0.2,True,True,True,True,True,True
abc367d,67193151,Qwen2.5-Plus,166156,20480,0.12325766147475867,prefix_20480,True,11,20480,1861.8181818181818,not_source_prefix,True,0,0,0,0.0,0.0,True,True,True,True,True,True
abc367d,66154485,Qwen2.5-Plus,166156,20480,0.12325766147475867,prefix_20480,True,11,20480,1861.8181818181818,not_source_prefix,True,0,0,0,0.0,0.0,True,True,True,True,True,True
abc367d,67193160,Qwen2.5-Plus,166156,20480,0.12325766147475867,prefix_20480,True,11,20480,1861.8181818181818,not_source_prefix,True,0,0,1,0.1,0.1,True,True,True,True,True,True
abc367d,65761143,Qwen2.5-Plus,166156,20480,0.12325766147475867,prefix_20480,True,11,11,1.0,full,False,0,0,0,0.0,0.0,True,True,True,True,True,True
abc367d,63618307,Qwen2.5-Plus,166156,40960,0.24651532294951733,prefix_40960,True,166154,40960,0.24651829026084235,prefix_40960,True,0,0,0,0.0,0.0,True,True,True,True,True,True
abc367d,66250755,Qwen2.5-Plus,399999,40960,0.10240025600064,prefix_40960,True,11,11,1.0,full,False,0,0,0,0.0,0.0,True,True,True,True,True,True
abc367d,63618182,Qwen2.5-Plus,166156,40960,0.24651532294951733,prefix_40960,True,11,11,1.0,full,False,0,0,0,0.0,0.0,True,True,True,True,True,True
abc367d,63090199,Qwen2.5-Plus,166156,40960,0.24651532294951733,prefix_40960,True,11,11,1.0,full,False,0,0,0,0.0,0.0,True,True,True,True,True,True
abc367d,63618273,Qwen2.5-Plus,166156,40960,0.24651532294951733,prefix_40960,True,11,11,1.0,full,False,0,0,0,0.0,0.0,True,True,True,True,True,True
abc368c,67191225,Qwen2.5-Plus,1978074,20480,0.010353505480583638,prefix_20480,True,22,22,1.0,full,False,1,0,1,0.1,0.0,True,True,True,True,True,True
abc368c,67188516,Qwen2.5-Plus,1978074,20480,0.010353505480583638,prefix_20480,True,22,22,1.0,full,False,0,0,0,0.0,0.0,True,True,True,True,True,True
abc368c,67112272,Qwen2.5-Plus,1978074,20480,0.010353505480583638,prefix_20480,True,22,22,1.0,full,False,0,1,0,-0.1,0.0,True,True,True,True,True,True
abc368c,67109122,Qwen2.5-Plus,1978074,20480,0.010353505480583638,prefix_20480,True,12,12,1.0,full,False,6,1,4,0.3,-0.2,True,True,True,True,True,True
abc368c,67109097,Qwen2.5-Plus,1978074,20480,0.010353505480583638,prefix_20480,True,12,12,1.0,full,False,3,5,0,-0.5,-0.3,True,True,True,True,True,True
abc368c,67108987,Qwen2.5-Plus,1978074,20480,0.010353505480583638,prefix_20480,True,22,22,1.0,full,False,0,1,1,0.0,0.1,True,True,True,True,True,True
abc368c,67014332,Qwen2.5-Plus,1978074,20480,0.010353505480583638,prefix_20480,True,21,21,1.0,full,False,0,1,0,-0.1,0.0,True,True,True,True,True,True
abc368c,66662246,Qwen2.5-Plus,1978074,20480,0.010353505480583638,prefix_20480,True,12,12,1.0,full,False,2,3,0,-0.3,-0.2,True,True,True,True,True,True
abc368c,66662226,Qwen2.5-Plus,1978074,20480,0.010353505480583638,prefix_20480,True,12,12,1.0,full,False,2,0,1,0.1,-0.1,True,True,True,True,True,True
abc368c,66495377,Qwen2.5-Plus,1978074,20480,0.010353505480583638,prefix_20480,True,12,12,1.0,full,False,0,0,1,0.1,0.1,True,True,True,True,True,True
abc369d,66452865,Qwen2.5-Plus,1300007,20480,0.01575376132590055,prefix_20480,True,26,26,1.0,full,False,1,0,0,0.0,-0.1,True,True,True,True,True,True
abc369d,66698094,Qwen2.5-Plus,1300007,20480,0.01575376132590055,prefix_20480,True,26,26,1.0,full,False,0,0,0,0.0,0.0,True,True,True,True,True,True
abc369d,66381795,Qwen2.5-Plus,1600013,20480,0.012799896000844992,prefix_20480,True,37,37,1.0,full,False,0,0,0,0.0,0.0,True,True,True,True,True,True
abc369d,66601916,Qwen2.5-Plus,1300007,40960,0.0315075226518011,prefix_40960,True,13,13,1.0,full,False,3,10,8,-0.2,0.5,True,True,True,True,True,True
abc369d,66602018,Qwen2.5-Plus,1300007,40960,0.0315075226518011,prefix_40960,True,13,13,1.0,full,False,7,10,7,-0.3,0.0,True,True,True,True,True,True
abc369d,67111720,Qwen2.5-Plus,1300007,40960,0.0315075226518011,prefix_40960,True,13,13,1.0,full,False,1,6,9,0.3,0.8,True,True,True,True,True,True
abc369d,66290467,Qwen2.5-Plus,1300007,40960,0.0315075226518011,prefix_40960,True,19,19,1.0,full,False,0,0,0,0.0,0.0,True,True,True,True,True,True
abc369d,66291076,Qwen2.5-Plus,1300007,40960,0.0315075226518011,prefix_40960,True,37,37,1.0,full,False,1,0,0,0.0,-0.1,True,True,True,True,True,True
abc369d,67240077,Qwen2.5-Plus,1600013,40960,0.025599792001689985,prefix_40960,True,37,37,1.0,full,False,0,0,0,0.0,0.0,True,True,True,True,True,True
abc369d,67265264,Qwen2.5-Plus,1300007,40960,0.0315075226518011,prefix_40960,True,13,13,1.0,full,False,0,0,0,0.0,0.0,True,True,True,True,True,True
abc370d,67044691,Qwen2.5-Plus,1567915,20480,0.013061932566497547,prefix_20480,True,14,14,1.0,full,False,9,9,7,-0.2,-0.2,True,True,True,True,True,True
abc370d,66200722,Qwen2.5-Plus,1567915,20480,0.013061932566497547,prefix_20480,True,26,26,1.0,full,False,2,2,0,-0.2,-0.2,True,True,True,True,True,True
abc370d,65578854,Qwen2.5-Plus,1567915,20480,0.013061932566497547,prefix_20480,True,14,14,1.0,full,False,7,8,9,0.1,0.2,True,True,True,True,True,True
abc370d,65527153,Qwen2.5-Plus,1567915,20480,0.013061932566497547,prefix_20480,True,14,14,1.0,full,False,10,3,9,0.6,-0.1,True,True,True,True,True,True
abc370d,65496614,Qwen2.5-Plus,1567915,20480,0.013061932566497547,prefix_20480,True,10,10,1.0,full,False,4,7,4,-0.3,0.0,True,False,False,True,True,True
abc370d,65350419,Qwen2.5-Plus,1567915,40960,0.026123865132995094,prefix_40960,True,1567915,40960,0.026123865132995094,prefix_40960,True,10,9,10,0.1,0.0,True,True,True,True,True,True
abc370d,65350386,Qwen2.5-Plus,1567915,40960,0.026123865132995094,prefix_40960,True,1567915,40960,0.026123865132995094,prefix_40960,True,10,8,8,0.0,-0.2,True,True,True,True,True,True
abc370d,65350266,Qwen2.5-Plus,1567915,20480,0.013061932566497547,prefix_20480,True,14,14,1.0,full,False,9,8,9,0.1,0.0,True,True,True,True,True,True
abc370d,67283761,Qwen2.5-Plus,1567915,40960,0.026123865132995094,prefix_40960,True,22,22,1.0,full,False,1,3,2,-0.1,0.1,True,True,True,True,True,True
abc370d,65350192,Qwen2.5-Plus,1567915,40960,0.026123865132995094,prefix_40960,True,14,14,1.0,full,False,9,8,10,0.2,0.1,True,True,True,True,True,True
abc371d,66997913,Qwen2.5-Plus,8211979,20480,0.002493917726774508,prefix_20480,True,84,84,1.0,full,False,10,10,10,0.0,0.0,True,True,True,True,True,True
abc371d,66610768,Qwen2.5-Plus,8211979,20480,0.002493917726774508,prefix_20480,True,84,84,1.0,full,False,9,8,10,0.2,0.1,True,True,True,True,True,True
abc371d,66993984,Qwen2.5-Plus,8211979,20480,0.002493917726774508,prefix_20480,True,84,84,1.0,full,False,10,9,9,0.0,-0.1,True,True,True,True,True,True
abc371d,66849824,Qwen2.5-Plus,8211979,20480,0.002493917726774508,prefix_20480,True,84,84,1.0,full,False,3,5,8,0.3,0.5,True,True,True,True,True,True
abc371d,66994557,Qwen2.5-Plus,8211979,20480,0.002493917726774508,prefix_20480,True,84,84,1.0,full,False,4,9,8,-0.1,0.4,True,True,True,True,True,True
abc371d,66994628,Qwen2.5-Plus,8211979,20480,0.002493917726774508,prefix_20480,True,84,84,1.0,full,False,2,8,8,0.0,0.6,True,True,True,True,True,True
abc371d,66610631,Qwen2.5-Plus,8211979,20480,0.002493917726774508,prefix_20480,True,84,84,1.0,full,False,3,7,10,0.3,0.7,True,True,True,True,True,True
abc371d,66715307,Qwen2.5-Plus,8211979,20480,0.002493917726774508,prefix_20480,True,43,43,1.0,full,False,0,8,2,-0.6,0.2,True,True,True,True,True,True
abc371d,66849751,Qwen2.5-Plus,8211979,20480,0.002493917726774508,prefix_20480,True,84,84,1.0,full,False,0,6,1,-0.5,0.1,True,True,True,True,True,True
abc371d,66850066,Qwen2.5-Plus,8211979,20480,0.002493917726774508,prefix_20480,True,84,84,1.0,full,False,4,5,9,0.4,0.5,True,True,True,True,True,True
abc372e,65729583,Qwen2.5-Plus,1144843,40960,0.03577783154546082,prefix_40960,True,1144843,40960,0.03577783154546082,prefix_40960,True,8,8,10,0.2,0.2,True,True,True,True,True,True
abc372e,65229511,Qwen2.5-Plus,18610,18610,1.0,full,False,52,52,1.0,full,False,7,7,7,0.0,0.0,True,True,True,True,True,True
abc372e,65229436,Qwen2.5-Plus,18610,18610,1.0,full,False,52,52,1.0,full,False,7,6,4,-0.2,-0.3,True,True,True,True,True,True
abc372e,63234684,Qwen2.5-Plus,18610,18610,1.0,full,False,18610,18610,1.0,full,False,8,8,8,0.0,0.0,True,True,True,True,True,True
abc372e,62871448,Qwen2.5-Plus,18610,18610,1.0,full,False,18610,18610,1.0,full,False,5,8,8,0.0,0.3,True,True,True,True,True,True
abc372e,62870440,Qwen2.5-Plus,18610,18610,1.0,full,False,18610,18610,1.0,full,False,9,7,9,0.2,0.0,True,True,True,True,True,True
abc372e,62869832,Qwen2.5-Plus,18610,18610,1.0,full,False,18610,18610,1.0,full,False,7,9,8,-0.1,0.1,True,True,True,True,True,True
abc372e,62869553,Qwen2.5-Plus,18610,18610,1.0,full,False,18610,18610,1.0,full,False,6,10,9,-0.1,0.3,True,True,True,True,True,True
abc372e,63594564,Qwen2.5-Plus,2456068,40960,0.016677062687189444,prefix_40960,True,93,93,1.0,full,False,9,8,8,0.0,-0.1,True,True,True,True,True,True
abc372e,63594225,Qwen2.5-Plus,2456068,40960,0.016677062687189444,prefix_40960,True,93,93,1.0,full,False,9,6,10,0.4,0.1,True,True,True,True,True,True
abc373e,67236729,Qwen2.5-Plus,896214,20480,0.022851684977025576,prefix_20480,True,28,28,1.0,full,False,0,0,0,0.0,0.0,True,True,True,True,False,False
abc373e,67229036,Qwen2.5-Plus,1555770,20480,0.013163899548133722,prefix_20480,True,30,30,1.0,full,False,0,0,0,0.0,0.0,True,True,True,True,False,False
abc373e,67100851,Qwen2.5-Plus,1555770,20480,0.013163899548133722,prefix_20480,True,30,30,1.0,full,False,0,0,0,0.0,0.0,True,True,True,True,False,False
abc373e,67066262,Qwen2.5-Plus,1555770,20480,0.013163899548133722,prefix_20480,True,30,30,1.0,full,False,0,0,0,0.0,0.0,True,True,True,True,False,False
abc373e,67066226,Qwen2.5-Plus,1555770,20480,0.013163899548133722,prefix_20480,True,30,30,1.0,full,False,0,0,0,0.0,0.0,True,True,True,True,False,False
abc373e,67066043,Qwen2.5-Plus,1555770,20480,0.013163899548133722,prefix_20480,True,30,30,1.0,full,False,0,0,0,0.0,0.0,True,True,True,True,False,False
abc373e,67065995,Qwen2.5-Plus,1555770,20480,0.013163899548133722,prefix_20480,True,30,30,1.0,full,False,0,0,0,0.0,0.0,True,True,True,True,False,False
abc373e,67059080,Qwen2.5-Plus,1517326,20480,0.013497429029753658,prefix_20480,True,27,27,1.0,full,False,0,0,0,0.0,0.0,True,True,True,True,True,True
abc373e,67058914,Qwen2.5-Plus,1517326,20480,0.013497429029753658,prefix_20480,True,27,27,1.0,full,False,0,0,0,0.0,0.0,True,True,True,True,True,True
abc373e,66836397,Qwen2.5-Plus,1555770,20480,0.013163899548133722,prefix_20480,True,30,30,1.0,full,False,0,0,0,0.0,0.0,True,True,True,True,False,False
abc374e,67093981,Qwen2.5-Plus,1213,1213,1.0,full,False,1206,1206,1.0,full,False,0,0,0,0.0,0.0,True,True,True,True,True,True
abc374e,67041262,Qwen2.5-Plus,1371,1371,1.0,full,False,1364,1364,1.0,full,False,0,3,2,-0.1,0.2,True,True,True,True,True,True
abc374e,67041400,Qwen2.5-Plus,1513,1513,1.0,full,False,1506,1506,1.0,full,False,0,0,0,0.0,0.0,True,True,True,True,True,True
abc374e,67213607,Qwen2.5-Plus,1513,1513,1.0,full,False,1506,1506,1.0,full,False,3,3,0,-0.3,-0.3,True,True,True,True,True,True
abc374e,67243557,Qwen2.5-Plus,1513,1513,1.0,full,False,1506,1506,1.0,full,False,0,0,0,0.0,0.0,True,True,True,True,True,True
abc374e,66609580,Qwen2.5-Plus,1371,1371,1.0,full,False,1364,1364,1.0,full,False,0,0,0,0.0,0.0,True,True,True,True,True,True
abc374e,66708613,Qwen2.5-Plus,2413,2413,1.0,full,False,28,28,1.0,full,False,1,0,1,0.1,0.0,True,True,True,True,True,True
abc374e,67028820,Qwen2.5-Plus,1371,1371,1.0,full,False,1364,1364,1.0,full,False,0,0,0,0.0,0.0,True,True,True,True,True,True
abc374e,66726283,Qwen2.5-Plus,1213,1213,1.0,full,False,1206,1206,1.0,full,False,2,0,0,0.0,-0.2,True,True,True,True,False,False
abc374e,67096409,Qwen2.5-Plus,1513,1513,1.0,full,False,1506,1506,1.0,full,False,0,0,0,0.0,0.0,True,True,True,True,True,True
abc375c,67172723,Qwen2.5-Plus,1028292,20480,0.019916521766190926,prefix_20480,True,7,7,1.0,full,False,0,0,0,0.0,0.0,True,True,True,True,True,True
abc375c,67163740,Qwen2.5-Plus,1028292,20480,0.019916521766190926,prefix_20480,True,7,7,1.0,full,False,0,0,0,0.0,0.0,True,True,True,True,True,True
abc375c,67061482,Qwen2.5-Plus,1028292,20480,0.019916521766190926,prefix_20480,True,7,7,1.0,full,False,0,0,0,0.0,0.0,True,True,True,True,True,True
abc375c,66923608,Qwen2.5-Plus,1028292,20480,0.019916521766190926,prefix_20480,True,7,7,1.0,full,False,0,0,0,0.0,0.0,True,True,True,True,True,True
abc375c,66863024,Qwen2.5-Plus,1028292,20480,0.019916521766190926,prefix_20480,True,7,7,1.0,full,False,0,0,0,0.0,0.0,True,True,True,True,True,True
abc375c,66862645,Qwen2.5-Plus,1028292,20480,0.019916521766190926,prefix_20480,True,7,7,1.0,full,False,0,0,0,0.0,0.0,True,True,True,True,True,True
abc375c,66862484,Qwen2.5-Plus,1028292,20480,0.019916521766190926,prefix_20480,True,7,7,1.0,full,False,0,0,0,0.0,0.0,True,True,True,True,True,True
abc375c,66862442,Qwen2.5-Plus,1028292,20480,0.019916521766190926,prefix_20480,True,7,7,1.0,full,False,0,0,0,0.0,0.0,True,True,True,True,True,True
abc375c,66862386,Qwen2.5-Plus,1028292,20480,0.019916521766190926,prefix_20480,True,7,7,1.0,full,False,0,0,0,0.0,0.0,True,True,True,True,True,True
abc375c,66824352,Qwen2.5-Plus,4155592,20480,0.004928299024543314,prefix_20480,True,23,23,1.0,full,False,0,0,0,0.0,0.0,True,True,True,True,True,True
abc376c,65060332,Qwen2.5-Plus,3955096,20480,0.005178129683830683,prefix_20480,True,17,17,1.0,full,False,5,1,1,0.0,-0.4,True,True,True,True,True,True
abc376c,65060141,Qwen2.5-Plus,3955096,20480,0.005178129683830683,prefix_20480,True,17,17,1.0,full,False,4,2,1,-0.1,-0.3,True,True,True,True,True,True
abc376c,64980246,Qwen2.5-Plus,3955096,20480,0.005178129683830683,prefix_20480,True,17,17,1.0,full,False,3,0,0,0.0,-0.3,True,True,True,True,True,True
abc376c,64977242,Qwen2.5-Plus,3955096,20480,0.005178129683830683,prefix_20480,True,17,17,1.0,full,False,1,0,1,0.1,0.0,True,True,True,True,True,True
abc376c,64962645,Qwen2.5-Plus,1528091,20480,0.013402343185059005,prefix_20480,True,25,25,1.0,full,False,6,0,3,0.3,-0.3,True,True,True,True,True,True
abc376c,64962053,Qwen2.5-Plus,3955621,20480,0.005177442429393514,prefix_20480,True,294696,20480,0.0694953443548606,prefix_20480,True,1,0,1,0.1,0.0,True,True,True,True,True,True
abc376c,64955978,Qwen2.5-Plus,3955621,20480,0.005177442429393514,prefix_20480,True,294696,20480,0.0694953443548606,prefix_20480,True,5,2,0,-0.2,-0.5,True,True,True,True,True,True
abc376c,64955966,Qwen2.5-Plus,3955621,20480,0.005177442429393514,prefix_20480,True,294696,20480,0.0694953443548606,prefix_20480,True,5,0,0,0.0,-0.5,True,True,True,True,True,True
abc376c,64955961,Qwen2.5-Plus,3955096,20480,0.005178129683830683,prefix_20480,True,620,620,1.0,full,False,6,1,5,0.4,-0.1,True,True,True,True,True,True
abc376c,64955954,Qwen2.5-Plus,3955621,20480,0.005177442429393514,prefix_20480,True,294696,20480,0.0694953443548606,prefix_20480,True,5,0,0,0.0,-0.5,True,True,True,True,True,True
abc376e,67092162,Qwen2.5-Plus,2416933,20480,0.008473548915091979,prefix_20480,True,17,17,1.0,full,False,7,9,7,-0.2,0.0,True,True,True,True,True,True
abc376e,67027803,Qwen2.5-Plus,2016905,20480,0.010154171862333625,prefix_20480,True,26,26,1.0,full,False,10,4,7,0.3,-0.3,True,True,True,True,True,True
abc376e,66915962,Qwen2.5-Plus,1816674,20480,0.01127334898831601,prefix_20480,True,25,25,1.0,full,False,7,7,8,0.1,0.1,True,True,True,True,True,True
abc376e,66495343,Qwen2.5-Plus,2416933,20480,0.008473548915091979,prefix_20480,True,17,17,1.0,full,False,8,2,4,0.2,-0.4,True,True,True,True,True,True
abc376e,66075558,Qwen2.5-Plus,2416933,20480,0.008473548915091979,prefix_20480,True,10,10,1.0,full,False,2,5,1,-0.4,-0.1,True,True,True,True,True,True
abc376e,66075483,Qwen2.5-Plus,2416933,20480,0.008473548915091979,prefix_20480,True,10,10,1.0,full,False,1,4,2,-0.2,0.1,True,True,True,True,True,True
abc376e,66075325,Qwen2.5-Plus,2416933,20480,0.008473548915091979,prefix_20480,True,10,10,1.0,full,False,2,3,0,-0.3,-0.2,True,True,True,True,True,True
abc376e,66074967,Qwen2.5-Plus,2416933,20480,0.008473548915091979,prefix_20480,True,10,10,1.0,full,False,1,1,5,0.4,0.4,True,True,True,True,True,True
abc376e,65936878,Qwen2.5-Plus,2016905,20480,0.010154171862333625,prefix_20480,True,26,26,1.0,full,False,1,3,4,0.1,0.3,True,True,True,True,True,True
abc376e,65710653,Qwen2.5-Plus,1816674,20480,0.01127334898831601,prefix_20480,True,25,25,1.0,full,False,2,5,4,-0.1,0.2,True,True,True,True,True,True
abc376d,67251105,Qwen2.5-Plus,2577853,40960,0.015889191509368454,prefix_40960,True,2577853,40960,0.015889191509368454,prefix_40960,True,10,0,0,0.0,-1.0,True,True,True,True,True,True
abc376d,67091871,Qwen2.5-Plus,1729652,20480,0.01184053208391052,prefix_20480,True,36,36,1.0,full,False,0,0,2,0.2,0.2,True,True,True,True,True,True
abc376d,67073362,Qwen2.5-Plus,1729652,40960,0.02368106416782104,prefix_40960,True,36,36,1.0,full,False,2,1,1,0.0,-0.1,True,True,True,True,True,True
abc376d,66684636,Qwen2.5-Plus,1729652,40960,0.02368106416782104,prefix_40960,True,36,36,1.0,full,False,1,3,3,0.0,0.2,True,True,True,True,True,True
abc376d,66676091,Qwen2.5-Plus,1729652,40960,0.02368106416782104,prefix_40960,True,36,36,1.0,full,False,6,5,8,0.3,0.2,True,True,True,True,True,True
abc376d,66669463,Qwen2.5-Plus,1729652,20480,0.01184053208391052,prefix_20480,True,45,45,1.0,full,False,0,0,0,0.0,0.0,True,True,True,True,True,True
abc376d,66500367,Qwen2.5-Plus,1729652,20480,0.01184053208391052,prefix_20480,True,16,16,1.0,full,False,0,0,0,0.0,0.0,True,True,True,True,True,True
abc376d,66485044,Qwen2.5-Plus,1729652,40960,0.02368106416782104,prefix_40960,True,36,36,1.0,full,False,7,2,8,0.6,0.1,True,True,True,True,True,True
abc376d,66484903,Qwen2.5-Plus,1729652,40960,0.02368106416782104,prefix_40960,True,36,36,1.0,full,False,0,1,0,-0.1,0.0,True,True,True,True,True,True
abc376d,66443013,Qwen2.5-Plus,1729652,40960,0.02368106416782104,prefix_40960,True,36,36,1.0,full,False,0,3,1,-0.2,0.1,True,True,True,True,True,True
abc377c,64880220,Qwen2.5-Plus,1503973,20480,0.013617265735488602,prefix_20480,True,13,13,1.0,full,False,8,7,9,0.2,0.1,True,True,True,True,True,True
abc377c,64868673,Qwen2.5-Plus,1503973,20480,0.013617265735488602,prefix_20480,True,13,13,1.0,full,False,9,9,9,0.0,0.0,True,True,True,True,True,True
abc377c,64698971,Qwen2.5-Plus,482615,20480,0.04243548169866249,prefix_20480,True,31,31,1.0,full,False,7,5,7,0.2,0.0,True,True,True,True,True,True
abc377c,64698368,Qwen2.5-Plus,482615,20480,0.04243548169866249,prefix_20480,True,31,31,1.0,full,False,7,3,7,0.4,0.0,True,True,True,True,True,True
abc377c,64493881,Qwen2.5-Plus,1557078,40960,0.026305682823853396,prefix_40960,True,14,14,1.0,full,False,10,5,8,0.3,-0.2,True,True,True,True,True,True
abc377c,64493735,Qwen2.5-Plus,1557078,40960,0.026305682823853396,prefix_40960,True,14,14,1.0,full,False,9,10,8,-0.2,-0.1,True,True,True,True,True,True
abc377c,64188365,Qwen2.5-Plus,1557078,40960,0.026305682823853396,prefix_40960,True,22,22,1.0,full,False,10,9,9,0.0,-0.1,True,True,True,True,True,True
abc377c,63949262,Qwen2.5-Plus,482615,40960,0.08487096339732499,prefix_40960,True,31,31,1.0,full,False,8,4,7,0.3,-0.1,True,True,True,True,True,True
abc377c,63949051,Qwen2.5-Plus,482615,40960,0.08487096339732499,prefix_40960,True,31,31,1.0,full,False,9,10,7,-0.3,-0.2,True,True,True,True,True,True
abc377c,63948871,Qwen2.5-Plus,482615,40960,0.08487096339732499,prefix_40960,True,31,31,1.0,full,False,8,6,8,0.2,0.0,True,True,True,True,True,True
abc377f,64672933,Qwen2.5-Plus,5443,5443,1.0,full,False,10,10,1.0,full,False,0,0,0,0.0,0.0,True,True,True,True,True,True
abc377f,64672896,Qwen2.5-Plus,5443,5443,1.0,full,False,10,10,1.0,full,False,0,0,0,0.0,0.0,True,True,True,True,True,True
abc377f,59971129,Qwen2.5-Plus,5443,5443,1.0,full,False,5,5,1.0,full,False,0,0,0,0.0,0.0,True,True,True,True,True,True
abc377f,67095334,Qwen2.5-Plus,11657,11657,1.0,full,False,31,31,1.0,full,False,0,0,0,0.0,0.0,True,True,True,True,True,True
abc377f,61466538,Qwen2.5-Plus,5443,5443,1.0,full,False,10,10,1.0,full,False,0,0,1,0.1,0.1,True,True,True,True,True,True
abc377f,61644105,Qwen2.5-Plus,11657,11657,1.0,full,False,19,19,1.0,full,False,0,0,0,0.0,0.0,True,True,True,True,True,True
abc377f,67095303,Qwen2.5-Plus,11657,11657,1.0,full,False,31,31,1.0,full,False,0,1,2,0.1,0.2,True,True,True,True,True,True
abc377f,61466557,Qwen2.5-Plus,5443,5443,1.0,full,False,10,10,1.0,full,False,0,1,1,0.0,0.1,True,True,True,True,True,True
abc377f,61026107,Qwen2.5-Plus,5443,5443,1.0,full,False,5,5,1.0,full,False,0,0,0,0.0,0.0,True,True,True,True,True,True
abc377f,61634046,Qwen2.5-Plus,11657,11657,1.0,full,False,19,19,1.0,full,False,0,0,0,0.0,0.0,True,True,True,True,True,True
