{
  "case_id": "arvo-55076",
  "target": "mupdf",
  "original_size": 70739,
  "original_size_bytes": 70739,
  "ddmin_size": 3584,
  "ddmin_size_bytes": 3584,
  "ddmin_ratio": 0.05066512107889566,
  "ddmin_compression_ratio": 0.9493348789211044,
  "ddmin_time_seconds": 33.468379497528076,
  "reducefix_size": 2269,
  "reducefix_size_bytes": 2269,
  "reducefix_ratio": 0.032075658406253975,
  "reducefix_compression_ratio": 0.9679243415937461,
  "reducefix_time_seconds": 348.0047526359558,
  "generated_size": 70739,
  "generated_size_bytes": 70739,
  "generated_ratio": 1.0,
  "generated_compression_ratio": 0.0,
  "generated_time_seconds": 7.008622407913208,
  "generated_status": "not_interesting",
  "reducefix_improvement_over_ddmin": 0.36690848214285715,
  "generated_improvement_over_ddmin": -18.737444196428573,
  "generated_improvement_over_reducefix": -30.176289114147202
}