{
  "case_id": "arvo-36519",
  "target": "mupdf",
  "original_size": 411860,
  "original_size_bytes": 411860,
  "ddmin_size": 8192,
  "ddmin_size_bytes": 8192,
  "ddmin_ratio": 0.01989025396979556,
  "ddmin_compression_ratio": 0.9801097460302044,
  "ddmin_time_seconds": 98.98141098022461,
  "reducefix_size": 6322,
  "reducefix_size_bytes": 6322,
  "reducefix_ratio": 0.015349876171514593,
  "reducefix_compression_ratio": 0.9846501238284854,
  "reducefix_time_seconds": 183.3871910572052,
  "generated_size": 411860,
  "generated_size_bytes": 411860,
  "generated_ratio": 1.0,
  "generated_compression_ratio": 0.0,
  "generated_time_seconds": 19.869746923446655,
  "generated_status": "not_interesting",
  "reducefix_improvement_over_ddmin": 0.228271484375,
  "generated_improvement_over_ddmin": -49.27587890625,
  "generated_improvement_over_reducefix": -64.14710534640936
}