{
  "case_id": "arvo-36519",
  "target": "mupdf",
  "original_size": 411860,
  "original_size_bytes": 411860,
  "ddmin_size": 8192,
  "ddmin_size_bytes": 8192,
  "ddmin_ratio": 0.01989025396979556,
  "ddmin_compression_ratio": 0.9801097460302044,
  "ddmin_time_seconds": 97.13258504867554,
  "reducefix_size": 6049,
  "reducefix_size_bytes": 6049,
  "reducefix_ratio": 0.014687029573155926,
  "reducefix_compression_ratio": 0.9853129704268441,
  "reducefix_time_seconds": 130.54990601539612,
  "generated_size": 411860,
  "generated_size_bytes": 411860,
  "generated_ratio": 1.0,
  "generated_compression_ratio": 0.0,
  "generated_time_seconds": 11.031475305557251,
  "generated_status": "not_interesting",
  "reducefix_improvement_over_ddmin": 0.2615966796875,
  "generated_improvement_over_ddmin": -49.27587890625,
  "generated_improvement_over_reducefix": -67.08728715490163
}