{
  "case_id": "arvo-36500",
  "target": "mupdf",
  "original_size": 142604,
  "original_size_bytes": 142604,
  "ddmin_size": 5376,
  "ddmin_size_bytes": 5376,
  "ddmin_ratio": 0.03769880227763597,
  "ddmin_compression_ratio": 0.962301197722364,
  "ddmin_time_seconds": 60.94457459449768,
  "reducefix_size": 3209,
  "reducefix_size_bytes": 3209,
  "reducefix_ratio": 0.02250287509466775,
  "reducefix_compression_ratio": 0.9774971249053322,
  "reducefix_time_seconds": 150.11002922058105,
  "generated_size": 142604,
  "generated_size_bytes": 142604,
  "generated_ratio": 1.0,
  "generated_compression_ratio": 0.0,
  "generated_time_seconds": 7.633956670761108,
  "generated_status": "not_interesting",
  "reducefix_improvement_over_ddmin": 0.4030877976190476,
  "generated_improvement_over_ddmin": -25.526041666666668,
  "generated_improvement_over_reducefix": -43.43876597070739
}