{
  "case_id": "arvo-29386",
  "target": "poppler",
  "original_size": 12066,
  "original_size_bytes": 12066,
  "ddmin_size": 1536,
  "ddmin_size_bytes": 1536,
  "ddmin_ratio": 0.1272998508204873,
  "ddmin_compression_ratio": 0.8727001491795127,
  "ddmin_time_seconds": 56.81524467468262,
  "reducefix_size": 9541,
  "reducefix_size_bytes": 9541,
  "reducefix_ratio": 0.7907342947124151,
  "reducefix_compression_ratio": 0.20926570528758492,
  "reducefix_time_seconds": 84.60905289649963,
  "generated_size": 12066,
  "generated_size_bytes": 12066,
  "generated_ratio": 1.0,
  "generated_compression_ratio": 0.0,
  "generated_time_seconds": 20.257689476013184,
  "generated_status": "decode_error",
  "reducefix_improvement_over_ddmin": -5.211588541666667,
  "generated_improvement_over_ddmin": -6.85546875,
  "generated_improvement_over_reducefix": -0.2646473116025574
}