{
  "case_id": "arvo-12241",
  "target": "harfbuzz",
  "original_size": 139054,
  "original_size_bytes": 139054,
  "ddmin_size": 139008,
  "ddmin_size_bytes": 139008,
  "ddmin_ratio": 0.9996691932630489,
  "ddmin_compression_ratio": 0.00033080673695107254,
  "ddmin_time_seconds": 336.2937994003296,
  "reducefix_size": 139054,
  "reducefix_size_bytes": 139054,
  "reducefix_ratio": 1.0,
  "reducefix_compression_ratio": 0.0,
  "reducefix_time_seconds": 198.77619099617004,
  "generated_size": 139054,
  "generated_size_bytes": 139054,
  "generated_ratio": 1.0,
  "generated_compression_ratio": 0.0,
  "generated_time_seconds": 18.121649503707886,
  "generated_status": "not_interesting",
  "reducefix_improvement_over_ddmin": -0.00033091620626151015,
  "generated_improvement_over_ddmin": -0.00033091620626151015,
  "generated_improvement_over_reducefix": 0.0
}