{
  "case_id": "arvo-51180",
  "target": "php-src",
  "original_size": 6578,
  "original_size_bytes": 6578,
  "ddmin_size": 946,
  "ddmin_size_bytes": 946,
  "ddmin_ratio": 0.14381270903010032,
  "ddmin_compression_ratio": 0.8561872909698997,
  "ddmin_time_seconds": 5.985737562179565,
  "reducefix_size": 195,
  "reducefix_size_bytes": 195,
  "reducefix_ratio": 0.029644268774703556,
  "reducefix_compression_ratio": 0.9703557312252964,
  "reducefix_time_seconds": 107.78833866119385,
  "generated_size": 6578,
  "generated_size_bytes": 6578,
  "generated_ratio": 1.0,
  "generated_compression_ratio": 0.0,
  "generated_time_seconds": 6.898604869842529,
  "generated_status": "not_interesting",
  "reducefix_improvement_over_ddmin": 0.7938689217758985,
  "generated_improvement_over_ddmin": -5.953488372093023,
  "generated_improvement_over_reducefix": -32.733333333333334
}