{
  "case_id": "arvo-25221",
  "target": "poppler",
  "original_size": 163136,
  "original_size_bytes": 163136,
  "ddmin_size": 160256,
  "ddmin_size_bytes": 160256,
  "ddmin_ratio": 0.9823460180462926,
  "ddmin_compression_ratio": 0.017653981953707376,
  "ddmin_time_seconds": 315.35347390174866,
  "reducefix_size": 160200,
  "reducefix_size_bytes": 160200,
  "reducefix_ratio": 0.9820027461749706,
  "reducefix_compression_ratio": 0.01799725382502937,
  "reducefix_time_seconds": 348.5295250415802,
  "generated_size": 163136,
  "generated_size_bytes": 163136,
  "generated_ratio": 1.0,
  "generated_compression_ratio": 0.0,
  "generated_time_seconds": 18.546963214874268,
  "generated_status": "not_interesting",
  "reducefix_improvement_over_ddmin": 0.0003494408945686901,
  "generated_improvement_over_ddmin": -0.017971246006389777,
  "generated_improvement_over_reducefix": -0.0183270911360799
}