{
  "case_id": "arvo-22430",
  "target": "poppler",
  "original_size": 16297,
  "original_size_bytes": 16297,
  "ddmin_size": 1705,
  "ddmin_size_bytes": 1705,
  "ddmin_ratio": 0.10462048229735534,
  "ddmin_compression_ratio": 0.8953795177026447,
  "ddmin_time_seconds": 6.17182469367981,
  "reducefix_size": 568,
  "reducefix_size_bytes": 568,
  "reducefix_ratio": 0.03485304043689023,
  "reducefix_compression_ratio": 0.9651469595631098,
  "reducefix_time_seconds": 55.67678785324097,
  "generated_size": 16297,
  "generated_size_bytes": 16297,
  "generated_ratio": 1.0,
  "generated_compression_ratio": 0.0,
  "generated_time_seconds": 29.306732177734375,
  "generated_status": "not_interesting",
  "reducefix_improvement_over_ddmin": 0.6668621700879765,
  "generated_improvement_over_ddmin": -8.558357771260997,
  "generated_improvement_over_reducefix": -27.691901408450704
}